4.91210,4.90680,4.90640,4.90770,4.90870,4.91040,4.91490,4.91670,4.91700,4.91760,4.91820,4.91730,4.91700,4.91750,4.91840,4.91820,4.91170,4.90480,4.90380,4.90730,4.91060,4.91240,4.91330,4.91370,4.91570,4.91720,4.91590,4.91030,4.88340,4.84500,4.83820,4.87000,4.87390,4.85040,4.84620,4.87510,4.90210,4.90830,4.90570,4.90360,4.90300,4.89370,4.84580,4.77240,4.75280,4.78120,4.78900,4.80120,4.84100,4.88710,4.90420,4.89460,4.88460,4.90860,4.91170,4.91460,4.90940,4.90400,4.90100,4.90320,4.91030,4.91480,4.91460,4.91440,4.91510,4.91210,4.91110,4.91450,4.91520,4.91530,4.91390,4.91470,4.91560,4.91120,4.90130,4.90420,4.91180,4.91890,4.93180
4.89450,4.88820,4.88760,4.88930,4.89040,4.89240,4.89790,4.90010,4.90040,4.90120,4.90180,4.90080,4.90040,4.90100,4.90210,4.90190,4.89410,4.88570,4.88450,4.88880,4.89270,4.89490,4.89600,4.89640,4.89890,4.90060,4.89910,4.89230,4.86000,4.81380,4.80550,4.84390,4.84860,4.82020,4.81510,4.84990,4.88250,4.88990,4.88680,4.88430,4.88350,4.87230,4.81470,4.72600,4.70240,4.73670,4.74610,4.76090,4.80890,4.86440,4.88500,4.87350,4.86140,4.89030,4.89400,4.89750,4.89120,4.88470,4.88110,4.88380,4.89230,4.89780,4.89750,4.89730,4.89810,4.89450,4.89330,4.89740,4.89830,4.89840,4.89670,4.89770,4.89870,4.89340,4.88150,4.88500,4.89420,4.90270,4.91820
4.87330,4.86570,4.86510,4.86700,4.86840,4.87090,4.87750,4.88010,4.88040,4.88140,4.88210,4.88090,4.88050,4.88120,4.88250,4.88220,4.87290,4.86280,4.86130,4.86650,4.87110,4.87380,4.87510,4.87560,4.87860,4.88070,4.87890,4.87070,4.83180,4.77600,4.76610,4.81240,4.81810,4.78380,4.77770,4.81970,4.85890,4.86790,4.86400,4.86100,4.86010,4.84670,4.77720,4.66990,4.64120,4.68280,4.69420,4.71210,4.77010,4.83710,4.86190,4.84800,4.83350,4.86830,4.87270,4.87690,4.86940,4.86160,4.85720,4.86050,4.87070,4.87730,4.87700,4.87670,4.87770,4.87330,4.87190,4.87680,4.87790,4.87800,4.87600,4.87710,4.87840,4.87200,4.85770,4.86200,4.87290,4.88320,4.90190
4.84790,4.83870,4.83790,4.84030,4.84190,4.84490,4.85290,4.85600,4.85640,4.85750,4.85850,4.85700,4.85640,4.85740,4.85890,4.85860,4.84730,4.83510,4.83340,4.83960,4.84520,4.84850,4.85000,4.85060,4.85420,4.85680,4.85460,4.84470,4.79780,4.73040,4.71840,4.77440,4.78120,4.73990,4.73250,4.78320,4.83050,4.84130,4.83670,4.83310,4.83200,4.81570,4.73190,4.60180,4.56690,4.61740,4.63130,4.65300,4.72330,4.80420,4.83410,4.81740,4.79990,4.84180,4.84710,4.85220,4.84320,4.83370,4.82850,4.83240,4.84470,4.85270,4.85230,4.85190,4.85310,4.84790,4.84620,4.85210,4.85340,4.85350,4.85110,4.85250,4.85400,4.84630,4.82900,4.83420,4.84740,4.85980,4.88230
4.81720,4.80610,4.80520,4.80800,4.81000,4.81360,4.82320,4.82700,4.82750,4.82880,4.82990,4.82820,4.82750,4.82860,4.83040,4.83010,4.81650,4.80180,4.79980,4.80720,4.81400,4.81790,4.81980,4.82050,4.82490,4.82790,4.82520,4.81340,4.75680,4.67520,4.66060,4.72850,4.73670,4.68670,4.67770,4.73910,4.79620,4.80920,4.80370,4.79930,4.79800,4.77840,4.67700,4.51880,4.47610,4.53790,4.55480,4.58120,4.66660,4.76450,4.80050,4.78040,4.75930,4.80980,4.81630,4.82240,4.81150,4.80020,4.79380,4.79850,4.81340,4.82300,4.82250,4.82210,4.82350,4.81720,4.81520,4.82220,4.82380,4.82400,4.82110,4.82270,4.82460,4.81530,4.79450,4.80070,4.81660,4.83150,4.85860
4.78010,4.76680,4.76570,4.76910,4.77150,4.77580,4.78740,4.79200,4.79260,4.79420,4.79560,4.79350,4.79270,4.79400,4.79610,4.79580,4.77930,4.76160,4.75910,4.76810,4.77630,4.78100,4.78330,4.78420,4.78940,4.79310,4.78990,4.77560,4.70720,4.60820,4.59050,4.67290,4.68290,4.62220,4.61120,4.68570,4.75480,4.77060,4.76390,4.75860,4.75700,4.73330,4.61040,4.41730,4.36500,4.44070,4.46140,4.49370,4.59770,4.71650,4.76010,4.73570,4.71020,4.77130,4.77910,4.78650,4.77330,4.75960,4.75190,4.75760,4.77560,4.78720,4.78660,4.78610,4.78780,4.78020,4.77770,4.78630,4.78820,4.78840,4.78490,4.78690,4.78910,4.77780,4.75270,4.76020,4.77950,4.79750,4.83010
4.73540,4.71930,4.71800,4.72210,4.72490,4.73020,4.74420,4.74980,4.75040,4.75240,4.75410,4.75160,4.75050,4.75220,4.75480,4.75430,4.73450,4.71300,4.71000,4.72090,4.73080,4.73650,4.73920,4.74030,4.74670,4.75110,4.74720,4.72990,4.64700,4.52670,4.50500,4.60540,4.61750,4.54370,4.53030,4.62100,4.70480,4.72390,4.71580,4.70940,4.70750,4.67870,4.52930,4.29260,4.22810,4.32140,4.34690,4.38660,4.51390,4.65830,4.71110,4.68160,4.65070,4.72470,4.73420,4.74310,4.72720,4.71060,4.70130,4.70820,4.72990,4.74390,4.74320,4.74260,4.74470,4.73550,4.73250,4.74280,4.74520,4.74540,4.74110,4.74350,4.74620,4.73260,4.70220,4.71130,4.73460,4.75640,4.79580
4.68130,4.66170,4.66010,4.66510,4.66860,4.67500,4.69200,4.69870,4.69950,4.70190,4.70390,4.70080,4.69960,4.70160,4.70470,4.70420,4.68010,4.65420,4.65050,4.66370,4.67570,4.68260,4.68590,4.68720,4.69490,4.70020,4.69560,4.67460,4.57390,4.42700,4.40050,4.52320,4.53800,4.44780,4.43150,4.54230,4.64420,4.66730,4.65740,4.64970,4.64740,4.61250,4.43020,4.13830,4.05790,4.17410,4.20560,4.25480,4.41130,4.58770,4.65180,4.61600,4.57840,4.66830,4.67980,4.69060,4.67130,4.65120,4.63990,4.64830,4.67460,4.69160,4.69070,4.69000,4.69250,4.68140,4.67770,4.69030,4.69310,4.69330,4.68820,4.69110,4.69440,4.67790,4.64100,4.65200,4.68030,4.70670,4.75430
4.61560,4.59180,4.58980,4.59590,4.60010,4.60790,4.62850,4.63670,4.63770,4.64060,4.64300,4.63930,4.63780,4.64020,4.64400,4.64340,4.61410,4.58260,4.57810,4.59420,4.60880,4.61720,4.62120,4.62280,4.63210,4.63860,4.63290,4.60750,4.48480,4.30460,4.27180,4.42270,4.44080,4.33010,4.31010,4.44610,4.57040,4.59850,4.58660,4.57720,4.57430,4.53190,4.30850,3.94560,3.84420,3.99040,4.02990,4.09120,4.28520,4.50160,4.57980,4.53620,4.49030,4.59980,4.61370,4.62690,4.60340,4.57900,4.56520,4.57540,4.60740,4.62810,4.62700,4.62620,4.62920,4.61570,4.61130,4.62650,4.62990,4.63020,4.62400,4.62750,4.63150,4.61150,4.56660,4.58000,4.61440,4.64640,4.70420
4.53560,4.50660,4.50420,4.51170,4.51680,4.52630,4.55140,4.56140,4.56260,4.56620,4.56910,4.56460,4.56270,4.56570,4.57030,4.56950,4.53390,4.49540,4.48990,4.50950,4.52730,4.53760,4.54250,4.54450,4.55580,4.56370,4.55680,4.52580,4.37580,4.15360,4.11300,4.29950,4.32180,4.18530,4.16050,4.32830,4.48060,4.51490,4.50030,4.48880,4.48540,4.43350,4.15870,3.70310,3.57300,3.75960,3.80970,3.88710,4.12960,4.39640,4.49200,4.43870,4.38250,4.51640,4.53340,4.54940,4.52080,4.49100,4.47420,4.48670,4.52570,4.55090,4.54960,4.54860,4.55220,4.53580,4.53040,4.54890,4.55310,4.55350,4.54590,4.55020,4.55510,4.53070,4.47590,4.49230,4.53420,4.57320,4.64340
4.43800,4.40240,4.39950,4.40860,4.41490,4.42650,4.45730,4.46940,4.47090,4.47530,4.47880,4.47340,4.47110,4.47470,4.48040,4.47940,4.43590,4.38880,4.38220,4.40620,4.42790,4.44050,4.44650,4.44890,4.46270,4.47230,4.46380,4.42610,4.24330,3.97020,3.92020,4.14990,4.17750,4.01090,3.98100,4.18660,4.37150,4.41300,4.39530,4.38150,4.37750,4.31470,3.98000,3.40780,3.23700,3.47600,3.53960,3.63770,3.94080,4.26850,4.38500,4.32000,4.25130,4.41440,4.43520,4.45490,4.42010,4.38360,4.36300,4.37820,4.42590,4.45660,4.45510,4.45380,4.45820,4.43810,4.43150,4.45420,4.45940,4.45980,4.45050,4.45580,4.46170,4.43190,4.36470,4.38480,4.43620,4.48390,4.56950
4.31810,4.27430,4.27060,4.28190,4.28970,4.30400,4.34190,4.35680,4.35860,4.36400,4.36840,4.36170,4.35900,4.36340,4.37030,4.36920,4.31640,4.25950,4.25190,4.28110,4.30740,4.32250,4.32970,4.33240,4.34880,4.36040,4.35000,4.30500,4.09160,3.77050,3.71170,3.98240,4.01610,3.82580,3.79350,4.03180,4.24330,4.29050,4.26900,4.25370,4.25080,4.17940,3.79710,3.10970,2.88290,3.17470,3.25010,3.37090,3.73550,4.12060,4.25730,4.18070,4.09960,4.28980,4.31520,4.33970,4.29820,4.25470,4.22960,4.24780,4.30480,4.34170,4.33970,4.33800,4.34340,4.31870,4.31050,4.33830,4.34450,4.34500,4.33350,4.34000,4.34730,4.31050,4.22760,4.25250,4.31580,4.37460,4.47940
4.16990,4.11550,4.11100,4.12500,4.13470,4.15250,4.19960,4.21820,4.22050,4.22730,4.23270,4.22470,4.22140,4.22690,4.23540,4.23440,4.17340,4.10890,4.10170,4.13480,4.16420,4.18110,4.18880,4.19070,4.20900,4.22210,4.20900,4.15780,3.93520,3.59970,3.53600,3.82270,3.86050,3.67070,3.64260,3.88390,4.09600,4.14170,4.11260,4.09710,4.10150,4.03100,3.64250,2.91000,2.63410,2.95420,3.02590,3.16030,3.55680,3.96430,4.10940,4.02830,3.94320,4.13930,4.16900,4.19890,4.15270,4.10580,4.07850,4.09870,4.16120,4.20290,4.20000,4.19790,4.20400,4.17440,4.16400,4.19670,4.20390,4.20400,4.18960,4.19740,4.20620,4.16070,4.05750,4.08840,4.16720,4.23990,4.36910
3.98520,3.91690,3.91130,3.92910,3.94140,3.96420,4.02320,4.04680,4.05020,4.05810,4.06440,4.05490,4.05050,4.05690,4.06700,4.06720,4.00310,3.93850,3.93210,3.96280,3.99120,4.00680,4.01200,4.01020,4.03010,4.04450,4.02670,3.96580,3.74850,3.44870,3.38760,3.65900,3.69120,3.51510,3.49170,3.70230,3.89740,3.93700,3.88830,3.86780,3.88660,3.81970,3.43490,2.75480,2.49830,2.83590,2.88650,3.01130,3.38800,3.77900,3.92290,3.84540,3.77450,3.95420,3.98780,4.01730,3.96730,3.92650,3.90720,3.92710,3.98760,4.03260,4.02870,4.02730,4.03550,4.00280,3.98980,4.02510,4.03220,4.03110,4.01270,4.02090,4.03110,3.97420,3.84440,3.88300,3.98180,4.07270,4.23300
3.75230,3.66600,3.65990,3.68290,3.69930,3.72870,3.80150,3.82980,3.83280,3.83880,3.84410,3.83020,3.82180,3.82690,3.83980,3.84260,3.77340,3.71000,3.69870,3.71940,3.74660,3.75740,3.75670,3.75000,3.77930,3.79960,3.77300,3.67840,3.41890,3.16670,3.12250,3.38000,3.39000,3.20200,3.17590,3.36290,3.56900,3.61580,3.53740,3.49960,3.52490,3.44090,3.02080,2.43260,2.25470,2.61850,2.66070,2.75690,3.08440,3.46940,3.62980,3.54630,3.50200,3.69190,3.73360,3.75230,3.68630,3.65580,3.65730,3.67740,3.73790,3.79570,3.79110,3.79570,3.81320,3.77970,3.76590,3.80530,3.81290,3.81070,3.78950,3.79830,3.81000,3.74040,3.57760,3.62420,3.74830,3.86290,4.06410
3.45680,3.34960,3.34450,3.37330,3.39230,3.42460,3.50310,3.52740,3.52140,3.51730,3.51770,3.49330,3.47660,3.47600,3.49480,3.49970,3.39810,3.31620,3.29240,3.30550,3.34560,3.35530,3.35240,3.34800,3.40490,3.44480,3.40730,3.23990,2.86840,2.63720,2.61810,2.87860,2.86280,2.65280,2.61850,2.80840,3.06290,3.14390,3.04950,2.98870,2.99730,2.87430,2.42240,1.95060,1.85070,2.16610,2.20850,2.27480,2.55070,2.95260,3.15690,3.04390,3.01420,3.26810,3.32830,3.34460,3.23990,3.20500,3.22200,3.24580,3.32380,3.41470,3.40980,3.42660,3.46390,3.42450,3.41390,3.47290,3.48830,3.49030,3.47340,3.49280,3.51240,3.43730,3.24780,3.30050,3.45280,3.59690,3.85170
3.08570,2.96090,2.95360,2.97940,2.98420,2.99850,3.05750,3.06000,3.03200,3.01320,3.00820,2.97060,2.94670,2.93780,2.96510,2.96580,2.79860,2.68170,2.64950,2.66780,2.73770,2.75790,2.76510,2.77630,2.87330,2.94710,2.90360,2.65440,2.19380,1.98350,1.97890,2.21330,2.19150,2.01170,1.98470,2.15910,2.43690,2.56080,2.48270,2.41140,2.39250,2.24340,1.84160,1.53000,1.47270,1.65360,1.67310,1.71610,1.92030,2.29020,2.52170,2.37920,2.33980,2.64890,2.72890,2.77560,2.62740,2.56650,2.57740,2.60370,2.70590,2.83270,2.82410,2.84880,2.90200,2.84560,2.83890,2.93310,2.96600,2.98040,2.97730,3.02700,3.07270,3.01310,2.83650,2.90060,3.07950,3.25560,3.58000
2.63520,2.49760,2.46650,2.46520,2.42670,2.39700,2.41350,2.38720,2.34090,2.31400,2.30460,2.26010,2.23690,2.22120,2.24950,2.23630,2.03050,1.91470,1.88910,1.90800,1.98640,2.01870,2.04120,2.06830,2.18930,2.29340,2.25360,1.96820,1.58970,1.46280,1.46340,1.60470,1.58840,1.48130,1.47160,1.58280,1.78360,1.91210,1.87220,1.81420,1.78300,1.65330,1.40670,1.24800,1.20810,1.27630,1.29240,1.31480,1.43040,1.66100,1.83700,1.71850,1.68610,1.93130,2.00660,2.08260,1.93070,1.85810,1.86300,1.88290,1.96940,2.09210,2.08380,2.10400,2.15130,2.09100,2.08910,2.19410,2.24090,2.27030,2.28330,2.36220,2.44240,2.41960,2.31330,2.40710,2.61030,2.81430,3.22440
2.13150,1.98670,1.91440,1.87200,1.79120,1.73000,1.70710,1.67050,1.62300,1.57480,1.54530,1.50730,1.48860,1.46670,1.47580,1.46510,1.36070,1.31520,1.30760,1.30060,1.32250,1.33540,1.34710,1.35980,1.43920,1.53270,1.50380,1.29470,1.15330,1.10630,1.09240,1.14640,1.13690,1.09150,1.08930,1.14100,1.20200,1.26790,1.27550,1.25650,1.24020,1.18060,1.09600,1.00440,0.966760,0.981010,0.986020,1.00230,1.07500,1.16920,1.23560,1.20510,1.21230,1.31450,1.34580,1.39080,1.31600,1.28810,1.31650,1.33700,1.34480,1.39600,1.39750,1.40640,1.43300,1.42090,1.43170,1.48530,1.52820,1.56970,1.60430,1.66700,1.74440,1.77180,1.76790,1.88110,2.07070,2.27630,2.76080
1.72090,1.60790,1.53120,1.47700,1.40180,1.35890,1.33250,1.30690,1.26020,1.19610,1.15420,1.12670,1.10650,1.08920,1.07940,1.08130,1.05640,1.02950,1.02820,1.01930,1.01290,1.01190,1.00710,0.998530,1.00340,1.02850,1.01750,0.962070,0.896910,0.843590,0.813140,0.833460,0.833680,0.831480,0.852200,0.884090,0.921780,0.954780,0.977650,0.981270,0.977890,0.945010,0.877130,0.846270,0.818270,0.779760,0.770510,0.789190,0.826670,0.889780,0.932390,0.919750,0.925220,1.02090,1.03110,1.03100,1.02840,1.02240,1.05370,1.08270,1.06420,1.07710,1.08640,1.08970,1.10110,1.12010,1.13760,1.15950,1.19090,1.23350,1.27610,1.32300,1.35890,1.40370,1.45580,1.54830,1.65610,1.78950,2.22490
1.52040,1.43480,1.37200,1.32030,1.24880,1.19540,1.15930,1.13200,1.08030,1.03410,1.01010,0.989580,0.972760,0.969170,0.952860,0.944220,0.914170,0.889750,0.882340,0.870700,0.865200,0.874950,0.876090,0.870310,0.863730,0.870910,0.860310,0.819820,0.824600,0.812850,0.799800,0.801460,0.800830,0.836460,0.870260,0.884400,0.876450,0.874500,0.870570,0.872440,0.873730,0.862030,0.886270,0.901460,0.869360,0.817980,0.789650,0.804740,0.837090,0.865170,0.858260,0.828000,0.834430,0.869370,0.911750,0.902560,0.916440,0.909040,0.947050,0.966750,0.939010,0.950410,0.965630,0.961200,0.959770,0.978610,0.998080,1.00550,1.03160,1.06470,1.09880,1.15820,1.20770,1.23520,1.27610,1.37120,1.44770,1.51770,1.79200
1.40400,1.29370,1.22560,1.18170,1.13440,1.08520,1.04900,1.03380,1.00530,0.978960,0.975850,0.966450,0.954400,0.942000,0.919970,0.897130,0.884820,0.879930,0.875600,0.862000,0.857230,0.868150,0.876020,0.874730,0.877620,0.893800,0.898000,0.868520,0.870090,0.873230,0.877980,0.866090,0.864120,0.899220,0.926950,0.925750,0.911750,0.923400,0.927320,0.922370,0.910900,0.893220,0.934930,0.976180,0.961470,0.916550,0.893760,0.899380,0.915690,0.911090,0.883380,0.864520,0.875550,0.879940,0.925210,0.906030,0.916260,0.910470,0.957040,0.960100,0.922620,0.915970,0.931290,0.935340,0.927510,0.945560,0.969520,0.978060,0.992900,1.00370,1.02070,1.05740,1.10600,1.12580,1.14730,1.23210,1.29950,1.38130,1.61610
1.40870,1.24610,1.15490,1.13140,1.12650,1.10490,1.06970,1.06960,1.07500,1.03800,1.03480,1.05170,1.04530,1.02260,0.999430,0.984080,0.984240,0.985730,0.985280,0.975220,0.969430,0.966290,0.964620,0.957720,0.952440,0.959710,0.967140,0.961780,0.975280,0.967650,0.955970,0.945470,0.956660,0.984270,1.01320,1.02540,1.00920,1.00360,1.00800,1.00440,0.998350,0.995940,1.03030,1.04450,1.02150,0.969950,0.939070,0.947380,0.985050,1.00310,0.976010,0.969770,0.983920,0.976680,1.00060,0.981210,0.999710,1.00450,1.05110,1.04230,1.00950,0.998740,1.01200,1.01810,1.01470,1.03340,1.04960,1.05870,1.07330,1.07700,1.08990,1.09220,1.10870,1.13560,1.15320,1.20170,1.26400,1.35760,1.63230
1.51870,1.32510,1.23300,1.22460,1.22580,1.21270,1.18370,1.17820,1.17980,1.13270,1.12300,1.13260,1.12300,1.10080,1.07900,1.06740,1.06190,1.05850,1.06240,1.05720,1.05810,1.06220,1.06220,1.05930,1.05530,1.05810,1.06510,1.06790,1.07070,1.06680,1.05370,1.04150,1.04020,1.06810,1.09450,1.10780,1.11160,1.11270,1.11440,1.11160,1.10710,1.10850,1.11970,1.12650,1.11230,1.07750,1.06550,1.07170,1.06700,1.07410,1.07130,1.06450,1.06290,1.06140,1.08210,1.08130,1.10220,1.09660,1.14340,1.14250,1.10010,1.09250,1.10520,1.10540,1.09880,1.11590,1.12460,1.13420,1.14760,1.15810,1.18150,1.18170,1.19600,1.22530,1.24960,1.28550,1.35280,1.41930,1.67210
1.61010,1.41850,1.34050,1.31590,1.29420,1.27080,1.24460,1.24290,1.25060,1.20130,1.19430,1.21410,1.21120,1.20500,1.18990,1.18820,1.18650,1.17760,1.17630,1.18170,1.19470,1.20220,1.20380,1.20930,1.21130,1.20660,1.20700,1.20570,1.21220,1.21600,1.19570,1.18720,1.18240,1.20470,1.22460,1.23280,1.23800,1.24140,1.24340,1.23560,1.22780,1.23600,1.25220,1.25570,1.23990,1.20140,1.19080,1.20430,1.20720,1.21000,1.22070,1.21960,1.20370,1.20200,1.21250,1.20490,1.22350,1.22210,1.22780,1.22550,1.20480,1.20790,1.21400,1.20140,1.19360,1.20520,1.20100,1.20100,1.21050,1.22230,1.24950,1.24940,1.25930,1.28980,1.32280,1.36830,1.44600,1.49590,1.68710
1.65700,1.47900,1.40570,1.37590,1.35150,1.33450,1.31520,1.32810,1.34320,1.30740,1.30150,1.31240,1.30980,1.30640,1.29430,1.28940,1.29250,1.28890,1.28610,1.28340,1.28840,1.30370,1.30840,1.30940,1.31180,1.30990,1.30910,1.30360,1.30590,1.29760,1.26800,1.25490,1.24940,1.27190,1.29390,1.30680,1.32110,1.33020,1.33400,1.32910,1.32560,1.33060,1.33450,1.32510,1.30020,1.25820,1.25040,1.26490,1.27860,1.30120,1.31670,1.31410,1.30370,1.30450,1.31130,1.31250,1.32950,1.33130,1.33590,1.33500,1.31630,1.32100,1.32590,1.31540,1.30770,1.31900,1.31490,1.30740,1.30960,1.31910,1.33830,1.33750,1.33920,1.35690,1.37860,1.42810,1.50800,1.55680,1.69560
1.67230,1.50840,1.44650,1.42740,1.41040,1.39890,1.38640,1.39840,1.40170,1.37270,1.36200,1.35860,1.34950,1.34520,1.33410,1.33080,1.33860,1.33780,1.33500,1.32840,1.32740,1.34510,1.35280,1.35370,1.36010,1.36140,1.35860,1.35080,1.35630,1.35280,1.34310,1.32860,1.31350,1.32650,1.35100,1.35950,1.36920,1.39210,1.40500,1.40270,1.40210,1.39870,1.39380,1.37780,1.34930,1.32790,1.32840,1.33340,1.33420,1.35330,1.36520,1.36350,1.35890,1.35240,1.35770,1.36270,1.37490,1.37300,1.39200,1.39360,1.36900,1.36290,1.36840,1.36390,1.35470,1.37150,1.37570,1.36420,1.36720,1.38000,1.39880,1.40530,1.40960,1.41800,1.42640,1.47260,1.54030,1.58740,1.70810
1.66680,1.52140,1.47400,1.45920,1.44240,1.42790,1.41470,1.42140,1.42340,1.39930,1.39940,1.40430,1.39740,1.40700,1.40780,1.41810,1.42450,1.42300,1.42620,1.43330,1.43780,1.44770,1.45490,1.46430,1.47880,1.48200,1.47520,1.46800,1.47400,1.48470,1.49670,1.48980,1.47420,1.47550,1.49300,1.49160,1.48720,1.51610,1.53390,1.53280,1.53280,1.52430,1.51590,1.50120,1.47980,1.47080,1.45990,1.45750,1.46800,1.47020,1.47470,1.47500,1.47040,1.46030,1.45900,1.45490,1.45060,1.44170,1.43100,1.42950,1.44480,1.42590,1.42580,1.42050,1.40470,1.41350,1.41260,1.40160,1.40010,1.40440,1.42350,1.43450,1.43850,1.44710,1.45990,1.50130,1.55520,1.59830,1.71700
1.65490,1.52650,1.48050,1.46380,1.45600,1.44670,1.43130,1.45570,1.48740,1.47790,1.50280,1.52830,1.52950,1.55040,1.56290,1.57890,1.58040,1.58070,1.59350,1.61000,1.61630,1.62240,1.62900,1.64000,1.65590,1.66380,1.65870,1.65320,1.65190,1.66130,1.66970,1.66650,1.65960,1.66180,1.67540,1.67310,1.66520,1.68690,1.70240,1.70010,1.70010,1.69170,1.68250,1.67030,1.64990,1.62640,1.59380,1.59360,1.63610,1.64270,1.64110,1.63700,1.63720,1.63810,1.63270,1.62130,1.60290,1.59070,1.53230,1.52780,1.59760,1.57520,1.56970,1.56130,1.54050,1.53220,1.51710,1.51040,1.49430,1.47570,1.48080,1.48260,1.46810,1.45990,1.47120,1.50730,1.55800,1.60040,1.72440
1.65860,1.53200,1.48460,1.48650,1.51290,1.52570,1.51310,1.56610,1.62380,1.62970,1.66570,1.69650,1.69940,1.71490,1.72600,1.73300,1.72920,1.73170,1.74840,1.76090,1.76310,1.76960,1.77590,1.77960,1.79020,1.80410,1.80560,1.80180,1.79420,1.79130,1.78620,1.77910,1.77640,1.78280,1.79650,1.80300,1.80180,1.81780,1.82830,1.82660,1.82670,1.81810,1.80820,1.79530,1.76940,1.73430,1.70000,1.70190,1.75700,1.77900,1.77230,1.76140,1.76940,1.78470,1.78500,1.77410,1.75830,1.74700,1.68100,1.67860,1.75740,1.73680,1.73210,1.72670,1.70890,1.69550,1.67690,1.67570,1.65280,1.62130,1.60830,1.59790,1.56530,1.52210,1.50270,1.52360,1.56770,1.60350,1.74570
1.70750,1.57790,1.54550,1.58550,1.64700,1.67500,1.66520,1.72160,1.77110,1.78020,1.80640,1.82500,1.82320,1.82470,1.82610,1.82030,1.81150,1.81390,1.82710,1.83210,1.83160,1.83670,1.84080,1.83720,1.84190,1.85780,1.86650,1.86600,1.85840,1.84610,1.83190,1.81930,1.81340,1.81740,1.83050,1.84610,1.85250,1.86670,1.87490,1.87510,1.87500,1.86480,1.85550,1.84160,1.81560,1.78780,1.76940,1.77270,1.81200,1.83840,1.82940,1.81640,1.82450,1.84520,1.85380,1.84770,1.84260,1.83440,1.80320,1.80450,1.84660,1.83040,1.82980,1.83110,1.82280,1.81580,1.80640,1.81080,1.79640,1.77240,1.75550,1.74550,1.71720,1.66000,1.61030,1.60590,1.62880,1.64650,1.80260
1.80880,1.69490,1.68620,1.74610,1.80790,1.82700,1.81510,1.84500,1.86390,1.86440,1.87300,1.87530,1.86850,1.85900,1.85130,1.83860,1.82850,1.83000,1.83740,1.83920,1.84060,1.84420,1.84560,1.84050,1.84210,1.85650,1.87030,1.87570,1.87200,1.85950,1.84210,1.82710,1.81410,1.81300,1.82440,1.84180,1.85240,1.86530,1.87440,1.87510,1.87370,1.86440,1.85680,1.84530,1.82800,1.81660,1.81430,1.81840,1.83540,1.85130,1.84280,1.83160,1.83070,1.84470,1.85650,1.85540,1.85860,1.85230,1.85860,1.86170,1.86090,1.85070,1.85190,1.85640,1.85700,1.85860,1.86000,1.86750,1.86750,1.86090,1.85380,1.85510,1.85080,1.81500,1.76840,1.74990,1.75070,1.75260,1.89620
1.92510,1.84500,1.84820,1.89210,1.92360,1.91840,1.89920,1.89590,1.88690,1.87690,1.87250,1.86680,1.85940,1.84880,1.83860,1.82890,1.82340,1.82600,1.83110,1.83620,1.84280,1.84800,1.85000,1.84860,1.85160,1.86400,1.88030,1.89100,1.89170,1.88670,1.87170,1.85780,1.83920,1.83630,1.84640,1.85860,1.86860,1.87980,1.89020,1.88910,1.88530,1.88090,1.87550,1.86930,1.86470,1.86690,1.87080,1.87510,1.87740,1.87710,1.86990,1.85990,1.84670,1.84720,1.85510,1.85710,1.86110,1.85340,1.86210,1.86400,1.85150,1.84530,1.84410,1.84390,1.84570,1.85050,1.85500,1.86120,1.86870,1.87460,1.87950,1.89210,1.91400,1.91560,1.89860,1.88560,1.88040,1.88220,1.99270
2.00650,1.95940,1.95800,1.96860,1.96440,1.93720,1.91000,1.88910,1.87370,1.85910,1.85420,1.85400,1.85190,1.85060,1.84660,1.84860,1.85210,1.85770,1.86590,1.87850,1.89160,1.90110,1.90680,1.91220,1.91940,1.93120,1.94860,1.96080,1.96410,1.97020,1.95970,1.94990,1.92950,1.92760,1.93840,1.94330,1.95010,1.95930,1.96970,1.96610,1.95950,1.96120,1.95790,1.95700,1.96390,1.97120,1.97350,1.97780,1.97480,1.96090,1.95420,1.94350,1.92040,1.90820,1.90820,1.91050,1.90880,1.89650,1.86250,1.86120,1.88020,1.87370,1.86700,1.85560,1.84910,1.84980,1.84620,1.84630,1.84760,1.85350,1.86160,1.87610,1.91040,1.93980,1.95350,1.95640,1.95870,1.97320,2.05100
2.03210,2.00320,1.99070,1.97560,1.95120,1.91890,1.88900,1.87640,1.87970,1.87000,1.87580,1.89180,1.89850,1.91190,1.91850,1.93440,1.94760,1.95690,1.97060,1.99070,2.00950,2.02400,2.03420,2.04570,2.05740,2.07040,2.08760,2.09810,2.10340,2.11590,2.10900,2.10330,2.08320,2.08310,2.09560,2.09600,2.10100,2.10860,2.11870,2.11280,2.10410,2.11040,2.10830,2.11060,2.12370,2.13140,2.13060,2.13480,2.13250,2.11130,2.10420,2.09080,2.06260,2.04300,2.03580,2.03620,2.02670,2.00900,1.90980,1.90450,1.97990,1.96980,1.95750,1.93370,1.91450,1.90650,1.88860,1.88000,1.86450,1.85770,1.85750,1.86050,1.88490,1.91760,1.94380,1.95880,1.97160,1.99920,2.05670
2.02040,1.99410,1.97590,1.95640,1.93670,1.91910,1.89590,1.91150,1.94730,1.94790,1.96780,2.00070,2.01560,2.04160,2.05630,2.08180,2.10200,2.11500,2.13300,2.15780,2.18080,2.19930,2.21290,2.22850,2.24330,2.25800,2.27550,2.28490,2.28910,2.29980,2.29310,2.28830,2.26650,2.26680,2.28170,2.28530,2.29260,2.30020,2.31050,2.30370,2.29300,2.30060,2.29820,2.29990,2.31560,2.32360,2.32290,2.32850,2.32940,2.30720,2.29870,2.28130,2.25020,2.22820,2.21720,2.21570,2.19980,2.17820,2.02340,2.01480,2.14050,2.12660,2.11070,2.07810,2.04880,2.03250,2.00220,1.98570,1.95300,1.92980,1.91480,1.89860,1.89550,1.90570,1.91910,1.93360,1.95030,1.98130,2.03080
2.01390,1.98020,1.96730,1.96630,1.97150,1.98050,1.96970,2.01700,2.08070,2.09000,2.11870,2.16110,2.18040,2.21200,2.22890,2.25740,2.28130,2.29790,2.31820,2.34420,2.37100,2.39230,2.40800,2.42590,2.44200,2.45910,2.47880,2.48810,2.48750,2.49000,2.47710,2.46740,2.43960,2.43810,2.45750,2.47300,2.48850,2.49870,2.51010,2.50410,2.49100,2.49680,2.49220,2.48900,2.50550,2.51650,2.52170,2.53130,2.53610,2.51710,2.50650,2.48340,2.44900,2.42630,2.41500,2.41330,2.39300,2.36960,2.18630,2.17550,2.32640,2.31090,2.29340,2.25600,2.22220,2.20230,2.16590,2.14490,2.10190,2.06780,2.04080,2.00850,1.97680,1.95310,1.93620,1.93670,1.94770,1.96720,2.01590
2.05400,2.01010,2.01150,2.04060,2.07600,2.10900,2.10890,2.17510,2.25150,2.26210,2.29090,2.33340,2.35410,2.38380,2.39650,2.42360,2.44880,2.47000,2.49130,2.51570,2.54670,2.57080,2.58740,2.60720,2.62340,2.64380,2.66810,2.67690,2.66760,2.65730,2.63180,2.61100,2.57240,2.56780,2.59530,2.63040,2.65960,2.67490,2.68900,2.68490,2.66860,2.67010,2.66160,2.64990,2.66700,2.68530,2.70140,2.71820,2.72770,2.71440,2.70060,2.66920,2.62940,2.60470,2.59560,2.59580,2.57230,2.54800,2.36280,2.35060,2.50040,2.48570,2.46790,2.42780,2.39410,2.37510,2.33900,2.31690,2.27180,2.23620,2.20540,2.16770,2.12160,2.07210,2.02510,2.00650,2.00540,2.00360,2.05170
2.15760,2.10730,2.12420,2.17870,2.23380,2.27780,2.27970,2.34710,2.42080,2.42450,2.44570,2.48130,2.50170,2.52480,2.52900,2.55270,2.57830,2.60580,2.62810,2.64890,2.68480,2.71200,2.72900,2.75110,2.76740,2.79160,2.82280,2.83060,2.80860,2.78130,2.73830,2.70090,2.64780,2.64050,2.68030,2.74130,2.78770,2.81020,2.82790,2.82660,2.80630,2.80210,2.78930,2.76620,2.78440,2.81420,2.84480,2.87140,2.88640,2.88050,2.86190,2.81920,2.77120,2.74140,2.73540,2.73940,2.71230,2.68730,2.51860,2.50470,2.63510,2.62270,2.60530,2.56240,2.53100,2.51600,2.48390,2.46260,2.42140,2.39240,2.36570,2.33450,2.29320,2.23730,2.17490,2.14310,2.13180,2.10970,2.15360
2.31280,2.26120,2.28660,2.35150,2.40950,2.44880,2.44190,2.49560,2.55610,2.54640,2.55570,2.58060,2.60050,2.61510,2.60980,2.63000,2.65560,2.69120,2.71550,2.73160,2.77260,2.80340,2.82070,2.84610,2.86320,2.89120,2.93020,2.93640,2.89820,2.85070,2.78670,2.72920,2.66050,2.65330,2.70890,2.79940,2.86410,2.89480,2.91670,2.91810,2.89340,2.88330,2.86690,2.83120,2.85160,2.89580,2.94230,2.98030,3.00170,3.00390,2.97880,2.92180,2.86330,2.82410,2.82140,2.82990,2.79790,2.77200,2.62910,2.61300,2.71450,2.70480,2.68770,2.64090,2.61200,2.60190,2.57500,2.55530,2.52060,2.50260,2.48600,2.47060,2.45050,2.40750,2.34890,2.31590,2.30330,2.27030,2.30770
2.49140,2.44130,2.46400,2.52290,2.56790,2.58930,2.56430,2.59460,2.63710,2.61070,2.60690,2.62050,2.64060,2.64710,2.63380,2.65190,2.67720,2.72210,2.74990,2.76090,2.80600,2.84070,2.85840,2.88830,2.90710,2.93840,2.98470,2.98840,2.93070,2.86140,2.77590,2.69740,2.61580,2.61320,2.68620,2.80560,2.88700,2.92530,2.95100,2.95500,2.92620,2.91100,2.89330,2.84600,2.86940,2.92950,2.99080,3.04010,3.06890,3.07910,3.04590,2.97180,2.90130,2.84860,2.84820,2.86100,2.82250,2.79520,2.68130,2.66200,2.73240,2.72530,2.70800,2.65610,2.62850,2.62240,2.60010,2.58190,2.55380,2.54830,2.54480,2.55100,2.56290,2.54630,2.50780,2.48680,2.48360,2.45310,2.48420
2.66370,2.61510,2.62370,2.66290,2.68360,2.67900,2.62930,2.63180,2.65540,2.61260,2.59750,2.60100,2.62270,2.62350,2.60560,2.62290,2.64780,2.70190,2.73470,2.74050,2.78770,2.82620,2.84410,2.87910,2.90070,2.93400,2.98580,2.98570,2.90690,2.81610,2.71190,2.61480,2.52680,2.53410,2.62320,2.76630,2.85950,2.90350,2.93150,2.93730,2.90550,2.88760,2.87230,2.81640,2.84370,2.91930,2.99210,3.05090,3.08750,3.10490,3.06180,2.96900,2.88640,2.81650,2.81700,2.83290,2.78690,2.75810,2.67210,2.64940,2.69110,2.68610,2.66800,2.61080,2.58280,2.57870,2.55900,2.54190,2.51900,2.52470,2.53500,2.56470,2.61280,2.62940,2.62210,2.62410,2.64070,2.62530,2.65270
2.80660,2.75700,2.74160,2.75220,2.74260,2.70840,2.63200,2.60650,2.61310,2.55760,2.53540,2.53160,2.55570,2.55410,2.53650,2.55360,2.57750,2.63960,2.67810,2.67900,2.72540,2.76660,2.78450,2.82460,2.84930,2.88280,2.93690,2.93190,2.83260,2.72370,2.60670,2.49730,2.41270,2.43380,2.53440,2.69090,2.78840,2.83430,2.86200,2.86870,2.83580,2.81900,2.81080,2.75160,2.78350,2.87190,2.95110,3.01620,3.06000,3.08290,3.02870,2.91700,2.82340,2.73450,2.73430,2.75130,2.69840,2.66890,2.60730,2.58160,2.60010,2.59640,2.57690,2.51580,2.48660,2.48180,2.46270,2.44570,2.42630,2.43970,2.46180,2.51280,2.59520,2.64510,2.67420,2.70740,2.75240,2.76190,2.78950
2.90460,2.85030,2.80310,2.78070,2.73980,2.67770,2.57720,2.52710,2.52010,2.45930,2.43510,2.42770,2.45380,2.45390,2.44120,2.45780,2.48020,2.54720,2.59110,2.58790,2.63020,2.67190,2.68910,2.73340,2.76060,2.79220,2.84450,2.83380,2.71770,2.59720,2.47670,2.36490,2.29390,2.33020,2.43430,2.59050,2.68290,2.72540,2.74940,2.75550,2.72440,2.71370,2.71760,2.66220,2.69930,2.79590,2.87480,2.94170,2.99070,3.01680,2.95110,2.82260,2.72030,2.61360,2.61140,2.62700,2.57000,2.54100,2.49910,2.47200,2.47420,2.47080,2.44990,2.38840,2.35830,2.35060,2.33070,2.31310,2.29530,2.31150,2.34120,2.40720,2.51530,2.59270,2.65770,2.72610,2.80520,2.84660,2.87900
2.94940,2.88640,2.80210,2.74700,2.67870,2.59470,2.47710,2.40940,2.39320,2.33620,2.31530,2.30770,2.33440,2.33940,2.33510,2.35020,2.37040,2.43800,2.48580,2.48000,2.51480,2.55420,2.56980,2.61600,2.64460,2.67150,2.71760,2.70120,2.57550,2.45300,2.34000,2.23690,2.18850,2.23740,2.33580,2.47630,2.55330,2.58630,2.60260,2.60670,2.58080,2.58160,2.60200,2.55830,2.60140,2.69990,2.77150,2.83490,2.88580,2.91170,2.83550,2.69470,2.58790,2.46810,2.46320,2.47510,2.41900,2.39230,2.36520,2.33880,2.33180,2.32790,2.30600,2.24930,2.22010,2.20860,2.18800,2.16900,2.15220,2.16560,2.19670,2.26800,2.38780,2.48210,2.57610,2.67900,2.79330,2.87090,2.91280
2.93950,2.86390,2.74110,2.65850,2.57060,2.47430,2.35100,2.27540,2.25490,2.21030,2.19680,2.19170,2.21630,2.22800,2.23330,2.24560,2.26350,2.32650,2.37540,2.36920,2.39400,2.42770,2.44090,2.48580,2.51320,2.53330,2.56880,2.54800,2.42320,2.31000,2.21560,2.13170,2.10930,2.16510,2.24910,2.36040,2.41260,2.42960,2.43430,2.43510,2.41780,2.43510,2.47500,2.45080,2.49990,2.59340,2.65140,2.70560,2.75390,2.77570,2.69140,2.54540,2.43950,2.31610,2.30850,2.31530,2.26610,2.24360,2.22740,2.20430,2.19420,2.18930,2.16780,2.12110,2.09600,2.08150,2.06180,2.04190,2.02640,2.03300,2.05840,2.12380,2.23680,2.33380,2.44370,2.57400,2.71900,2.83320,2.88950
2.88040,2.78930,2.63210,2.53130,2.43470,2.33810,2.22280,2.15050,2.13050,2.10420,2.09960,2.09770,2.11760,2.13550,2.14970,2.15800,2.17370,2.22750,2.27400,2.26930,2.28330,2.30820,2.31810,2.35780,2.38080,2.39270,2.41480,2.39200,2.28070,2.18780,2.11990,2.06160,2.06190,2.11850,2.18190,2.25500,2.27620,2.27190,2.26250,2.25880,2.25280,2.28950,2.34950,2.35070,2.40500,2.48740,2.52670,2.56660,2.60660,2.62030,2.53170,2.39000,2.29240,2.17970,2.17010,2.17130,2.13500,2.11750,2.10860,2.09060,2.08190,2.07560,2.05640,2.02290,2.00500,1.98980,1.97320,1.95410,1.94090,1.94050,1.95560,2.00610,2.09480,2.17940,2.28600,2.42960,2.59310,2.73970,2.81470
2.78330,2.67600,2.49420,2.38800,2.29410,2.20920,2.11480,2.05570,2.03910,2.03140,2.03420,2.03520,2.04820,2.07050,2.09060,2.09480,2.10880,2.15110,2.19210,2.19080,2.19540,2.20930,2.21550,2.24650,2.26170,2.26510,2.27300,2.25170,2.16550,2.10000,2.05990,2.02590,2.04190,2.09440,2.13610,2.16920,2.15820,2.13090,2.10720,2.09910,2.10500,2.15960,2.23720,2.26580,2.32390,2.39060,2.40850,2.43100,2.45710,2.45890,2.37180,2.24520,2.16280,2.07730,2.06710,2.06210,2.04090,2.02830,2.02240,2.01040,2.00420,1.99680,1.98080,1.96060,1.95110,1.93720,1.92550,1.90850,1.89860,1.89470,1.90000,1.93350,1.99090,2.05260,2.13650,2.27210,2.43420,2.60300,2.70000
2.66310,2.54110,2.34980,2.25110,2.16920,2.10470,2.03780,1.99610,1.98330,1.98910,1.99600,1.99810,2.00440,2.02890,2.05140,2.05240,2.06570,2.09760,2.13190,2.13500,2.13340,2.13630,2.13890,2.15920,2.16450,2.16050,2.15630,2.14000,2.08420,2.04610,2.02810,2.01280,2.03620,2.08270,2.10590,2.10420,2.06570,2.01870,1.98360,1.97200,1.98810,2.05610,2.14480,2.19860,2.25840,2.30740,2.30510,2.30980,2.31790,2.30590,2.22640,2.12350,2.05950,2.01240,2.00280,1.99130,1.98310,1.97350,1.96770,1.96000,1.95540,1.94700,1.93330,1.92410,1.92170,1.90960,1.90230,1.88800,1.88200,1.88060,1.88070,1.90120,1.93480,1.97300,2.02370,2.13130,2.26710,2.44160,2.56120
2.53710,2.40470,2.22120,2.13960,2.07390,2.03130,1.98880,1.96250,1.95210,1.96460,1.97240,1.97410,1.97550,2.00030,2.02290,2.02170,2.03580,2.06070,2.08880,2.09660,2.09210,2.08610,2.08590,2.09590,2.09160,2.08240,2.07040,2.06110,2.03390,2.01620,2.01180,2.00960,2.03390,2.07360,2.08320,2.05640,1.99900,1.93900,1.89730,1.88400,1.90720,1.98090,2.07430,2.14730,2.20690,2.23910,2.22100,2.21040,2.20000,2.17460,2.10670,2.03090,1.98450,1.97590,1.96740,1.95120,1.95110,1.94190,1.93490,1.92910,1.92380,1.91410,1.90120,1.90100,1.90280,1.89170,1.88690,1.87460,1.87220,1.87840,1.87830,1.89150,1.91760,1.93970,1.95990,2.03000,2.12050,2.27910,2.41750
2.42350,2.28710,2.12620,2.06350,2.01180,1.98530,1.95790,1.94120,1.93350,1.94740,1.95390,1.95480,1.95390,1.97820,1.99860,1.99690,2.01290,2.03410,2.05750,2.06900,2.06440,2.05220,2.05070,2.05310,2.04140,2.03010,2.01500,2.01240,2.00620,2.00050,2.00250,2.00880,2.03200,2.06290,2.06290,2.02190,1.95430,1.89010,1.84570,1.83200,1.85950,1.93110,2.02350,2.10800,2.16660,2.18530,2.15770,2.13640,2.11060,2.07500,2.02010,1.96860,1.93730,1.95760,1.95030,1.93310,1.93630,1.92570,1.91730,1.91140,1.90320,1.89220,1.87860,1.88300,1.88650,1.87420,1.86900,1.85750,1.85720,1.87280,1.87440,1.88840,1.92220,1.93780,1.93990,1.97570,2.01600,2.14250,2.28970
2.33650,2.20250,2.07010,2.01990,1.97520,1.95530,1.93510,1.92360,1.91890,1.93210,1.93730,1.93810,1.93720,1.96020,1.97730,1.97690,1.99480,2.01400,2.03340,2.04700,2.04370,2.02870,2.02760,2.02500,2.01000,1.99940,1.98460,1.98640,1.99160,1.99070,1.99490,2.00710,2.02990,2.05090,2.04340,1.99570,1.92440,1.85800,1.80990,1.79580,1.82840,1.89840,1.98670,2.07560,2.13360,2.14330,2.11240,2.08580,2.05030,2.00940,1.96830,1.93450,1.91130,1.94500,1.93890,1.92610,1.92970,1.91790,1.90930,1.90280,1.89130,1.87860,1.86380,1.87040,1.87410,1.85870,1.85040,1.83990,1.83940,1.86050,1.86300,1.87980,1.92720,1.94820,1.94570,1.95900,1.95730,2.04850,2.19290
2.28230,2.15440,2.04490,1.99800,1.95360,1.93340,1.91610,1.90830,1.90720,1.91990,1.92420,1.92560,1.92580,1.94660,1.96020,1.96150,1.98010,1.99760,2.01330,2.02760,2.02520,2.00980,2.01030,2.00540,1.99040,1.98220,1.96890,1.97200,1.97960,1.97990,1.98590,2.00510,2.02790,2.03800,2.02280,1.97050,1.89660,1.82430,1.76800,1.75500,1.79270,1.86680,1.95450,2.04490,2.10280,2.10760,2.07910,2.05170,2.01280,1.97140,1.94010,1.91550,1.89380,1.92920,1.92400,1.92140,1.92530,1.91380,1.90740,1.90130,1.88730,1.87330,1.85910,1.86770,1.87150,1.85250,1.84050,1.83400,1.83190,1.85050,1.85140,1.86710,1.92240,1.95330,1.95450,1.96100,1.93230,1.99810,2.13180
2.25840,2.13630,2.03790,1.98760,1.94040,1.91720,1.90230,1.89910,1.90260,1.91510,1.91830,1.91940,1.92100,1.93770,1.94720,1.95030,1.96790,1.98240,1.99370,2.00730,2.00490,1.98970,1.99250,1.98570,1.97220,1.96690,1.95500,1.95740,1.96440,1.96770,1.97850,2.00640,2.02900,2.02520,2.00080,1.94300,1.86480,1.78440,1.72320,1.71590,1.75050,1.82850,1.91700,2.01110,2.06970,2.07200,2.04880,2.02370,1.98300,1.94320,1.91560,1.89420,1.87520,1.91000,1.90570,1.91440,1.91990,1.91030,1.90760,1.90320,1.88910,1.87550,1.86460,1.87520,1.87890,1.85900,1.84540,1.84750,1.84460,1.85330,1.85170,1.86120,1.91190,1.94850,1.95490,1.96300,1.92180,1.97750,2.10120
2.25590,2.13730,2.03950,1.98350,1.93440,1.90860,1.89780,1.90050,1.90810,1.91960,1.91990,1.91970,1.92200,1.93300,1.93840,1.94320,1.95790,1.96820,1.97430,1.98620,1.98340,1.96840,1.97230,1.96220,1.95010,1.94720,1.93650,1.94000,1.94940,1.96110,1.98130,2.01830,2.03940,2.01980,1.98510,1.92030,1.83910,1.75970,1.71050,1.70490,1.72940,1.79760,1.87840,1.97500,2.03340,2.03300,2.01500,1.99200,1.94800,1.90850,1.88370,1.86460,1.85090,1.89580,1.89200,1.90670,1.91390,1.90720,1.90740,1.90480,1.89300,1.88150,1.87610,1.88710,1.89000,1.87310,1.86130,1.87360,1.87220,1.86970,1.86740,1.87000,1.90780,1.94120,1.95020,1.96010,1.91130,1.96720,2.09000
2.26530,2.14920,2.04450,1.98500,1.93720,1.91000,1.90400,1.91220,1.92250,1.93170,1.92820,1.92650,1.92890,1.93440,1.93740,1.94390,1.95520,1.96070,1.96210,1.97140,1.96890,1.95410,1.95750,1.94220,1.93030,1.92820,1.92050,1.92960,1.94760,1.97310,2.00570,2.04970,2.06740,2.03290,1.98970,1.91990,1.84380,1.78320,1.75550,1.74910,1.76450,1.80470,1.86150,1.95060,2.00250,1.99680,1.98160,1.95830,1.91060,1.87220,1.84870,1.83370,1.82900,1.88910,1.88500,1.90800,1.91550,1.91070,1.91070,1.90800,1.89980,1.89150,1.89080,1.89910,1.89980,1.88810,1.88060,1.89890,1.89870,1.88890,1.88800,1.88790,1.91740,1.94280,1.95090,1.95930,1.90440,1.95890,2.08800
2.27870,2.16590,2.05180,1.99120,1.94780,1.91960,1.91790,1.93070,1.94330,1.95030,1.94440,1.94250,1.94560,1.94790,1.95190,1.96080,1.96900,1.97070,1.96860,1.97520,1.97450,1.96080,1.96190,1.94130,1.92860,1.92610,1.92400,1.94320,1.97360,2.01380,2.05770,2.10430,2.11790,2.07360,2.02600,1.95790,1.89730,1.86610,1.85570,1.85210,1.86010,1.86960,1.89190,1.95800,1.99300,1.97890,1.96290,1.93770,1.89120,1.85280,1.83010,1.82250,1.83220,1.89740,1.89200,1.92530,1.93170,1.93100,1.92730,1.92190,1.91710,1.91130,1.91180,1.91460,1.91130,1.90390,1.89730,1.91450,1.91780,1.90700,1.90790,1.90980,1.93560,1.95650,1.96220,1.96940,1.91290,1.95900,2.09120
2.29210,2.18340,2.06180,2.00010,1.96250,1.93550,1.93820,1.95630,1.97220,1.97910,1.97370,1.97450,1.97970,1.98200,1.99010,2.00190,2.00750,2.00720,2.00360,2.00770,2.00980,1.99820,1.99570,1.97210,1.95880,1.95510,1.96020,1.98980,2.03160,2.08220,2.13260,2.17760,2.18770,2.14060,2.09410,2.03430,1.99280,1.98530,1.98580,1.98410,1.98560,1.97870,1.97350,2.00720,2.01800,1.99430,1.97490,1.94790,1.90710,1.86990,1.85250,1.85430,1.87610,1.93190,1.92440,1.96670,1.97130,1.97250,1.96550,1.95670,1.95400,1.94700,1.94600,1.94390,1.93380,1.92770,1.92170,1.92950,1.93560,1.92880,1.92950,1.93510,1.96270,1.97750,1.98040,1.99030,1.94160,1.97680,2.10120
2.30450,2.20210,2.07660,2.01150,1.98180,1.96090,1.96960,1.99430,2.01480,2.02370,2.02190,2.02790,2.03570,2.04040,2.05310,2.06710,2.07110,2.07020,2.06620,2.06810,2.07270,2.06300,2.05710,2.03360,2.02030,2.01570,2.02720,2.06340,2.11110,2.16550,2.21710,2.25820,2.26610,2.22250,2.18130,2.13210,2.10510,2.10720,2.11040,2.10900,2.10760,2.09980,2.08350,2.08940,2.07670,2.04590,2.02250,1.99510,1.96160,1.93050,1.91970,1.92820,1.95430,1.99360,1.98440,2.03030,2.03320,2.03440,2.02440,2.01340,2.01200,2.00490,2.00170,1.99370,1.97930,1.97240,1.96510,1.95890,1.96460,1.96450,1.96180,1.97000,2.00120,2.00860,2.00670,2.01720,1.98270,2.01420,2.12090
2.31820,2.22440,2.10000,2.03030,2.01180,2.00240,2.01880,2.04970,2.07430,2.08580,2.08860,2.09970,2.10940,2.11680,2.13270,2.14690,2.15000,2.14870,2.14410,2.14380,2.14900,2.14070,2.13200,2.10920,2.09720,2.09360,2.10850,2.14600,2.19420,2.24680,2.29600,2.33290,2.34070,2.30390,2.26930,2.22900,2.20920,2.21070,2.21180,2.20980,2.20820,2.20680,2.19270,2.18310,2.15420,2.12090,2.09370,2.06450,2.04070,2.01730,2.01110,2.02100,2.04420,2.07050,2.06130,2.10240,2.10460,2.10640,2.09570,2.08500,2.08460,2.07930,2.07470,2.06270,2.04710,2.03890,2.02960,2.01080,2.01350,2.01940,2.01200,2.01980,2.05270,2.05240,2.04350,2.05200,2.02770,2.06340,2.15220
2.33670,2.25270,2.13540,2.06340,2.05820,2.06300,2.08610,2.12040,2.14670,2.15890,2.16520,2.17930,2.18930,2.19770,2.21430,2.22730,2.22890,2.22690,2.22020,2.21760,2.22070,2.21250,2.20210,2.18080,2.17080,2.16820,2.18380,2.21920,2.26420,2.31260,2.35840,2.39190,2.40100,2.37160,2.34300,2.30890,2.29110,2.29000,2.29000,2.28720,2.28520,2.28900,2.28100,2.26610,2.22980,2.19780,2.16750,2.13550,2.12090,2.10330,2.09790,2.10520,2.12220,2.14470,2.13690,2.16650,2.16930,2.17270,2.16460,2.15660,2.15800,2.15580,2.15140,2.13830,2.12440,2.11610,2.10550,2.07970,2.07850,2.08750,2.07670,2.08240,2.11330,2.10660,2.09090,2.09600,2.07800,2.11660,2.19430
2.36110,2.28720,2.18240,2.11290,2.12000,2.13690,2.16280,2.19660,2.22110,2.23160,2.23890,2.25320,2.26210,2.26920,2.28460,2.29530,2.29480,2.29050,2.28060,2.27510,2.27350,2.26450,2.25350,2.23500,2.22720,2.22550,2.23920,2.27150,2.31190,2.35620,2.39910,2.43080,2.44160,2.41860,2.39490,2.36530,2.34950,2.34950,2.35260,2.34940,2.34510,2.34780,2.34200,2.32550,2.28730,2.25860,2.22430,2.19140,2.18280,2.16830,2.16090,2.16400,2.17490,2.20110,2.19570,2.21130,2.21580,2.22180,2.21820,2.21410,2.21830,2.21950,2.21710,2.20550,2.19450,2.18820,2.17750,2.15090,2.14680,2.15540,2.14380,2.14770,2.17370,2.16350,2.14350,2.14580,2.13260,2.17190,2.24210
2.38930,2.32390,2.23480,2.17280,2.18810,2.21140,2.23590,2.26570,2.28600,2.29250,2.29860,2.31130,2.31800,2.32270,2.33600,2.34420,2.34080,2.33310,2.31890,2.31000,2.30250,2.29330,2.28240,2.26660,2.26130,2.26070,2.27220,2.30120,2.33750,2.37850,2.42020,2.45100,2.46300,2.44490,2.42540,2.40090,2.39050,2.39800,2.40860,2.40570,2.39680,2.39140,2.38000,2.35950,2.32080,2.29470,2.25720,2.22510,2.21940,2.20620,2.19620,2.19570,2.20280,2.23390,2.23060,2.23490,2.24070,2.24960,2.25100,2.25110,2.25840,2.26330,2.26370,2.25410,2.24620,2.24300,2.23350,2.20990,2.20440,2.21040,2.20010,2.20330,2.22350,2.21290,2.19230,2.19410,2.18620,2.22500,2.28900
2.41650,2.35650,2.28320,2.23160,2.25000,2.27410,2.29440,2.31900,2.33430,2.33610,2.34000,2.35040,2.35510,2.35720,2.36920,2.37510,2.36810,2.35630,2.33740,2.32520,2.31300,2.30470,2.29390,2.28010,2.27720,2.27820,2.28880,2.31510,2.34840,2.38680,2.42860,2.45840,2.47040,2.45620,2.44100,2.42420,2.42400,2.44460,2.46550,2.46380,2.44860,2.42980,2.40530,2.37520,2.33400,2.30900,2.27020,2.23980,2.23610,2.22480,2.21330,2.21120,2.21670,2.24760,2.24520,2.24350,2.24960,2.26050,2.26580,2.26950,2.28000,2.28830,2.29110,2.28280,2.27690,2.27670,2.26900,2.24900,2.24330,2.24630,2.23800,2.24170,2.25660,2.24730,2.22910,2.23290,2.23200,2.27030,2.32970
2.43640,2.37840,2.31900,2.27810,2.29600,2.31800,2.33410,2.35440,2.36570,2.36360,2.36590,2.37460,2.37800,2.37880,2.39060,2.39480,2.38400,2.36840,2.34530,2.33000,2.31590,2.30890,2.29810,2.28620,2.28530,2.28820,2.30000,2.32440,2.35490,2.39080,2.43330,2.46170,2.47210,2.46120,2.45160,2.44540,2.45980,2.49640,2.52790,2.52790,2.50610,2.47200,2.42900,2.38350,2.33710,2.31130,2.27370,2.24590,2.24560,2.23830,2.22750,2.22560,2.23080,2.25330,2.25030,2.24840,2.25300,2.26390,2.27130,2.27780,2.29100,2.30250,2.30660,2.29800,2.29220,2.29390,2.28730,2.26930,2.26410,2.26450,2.25780,2.26230,2.27310,2.26510,2.24990,2.25690,2.26500,2.30360,2.36040
2.44430,2.38530,2.33720,2.30570,2.32280,2.34360,2.35790,2.37660,2.38620,2.38240,2.38450,2.39260,2.39600,2.39740,2.41040,2.41350,2.39890,2.38010,2.35420,2.33670,2.32340,2.31810,2.30730,2.29720,2.29760,2.30270,2.31740,2.34060,2.36790,2.40020,2.44340,2.46970,2.47710,2.46940,2.46660,2.47380,2.50490,2.55700,2.59790,2.59950,2.57200,2.52340,2.45980,2.39590,2.34220,2.31430,2.28040,2.25640,2.26160,2.26130,2.25360,2.25270,2.25780,2.26430,2.25930,2.26100,2.26210,2.27040,2.27860,2.28720,2.30180,2.31630,2.31990,2.30990,2.30270,2.30400,2.29730,2.27940,2.27430,2.27310,2.26610,2.27100,2.27900,2.27080,2.25650,2.26560,2.28290,2.32330,2.38040
2.43910,2.37720,2.33870,2.31560,2.33450,2.35780,2.37450,2.39480,2.40580,2.40290,2.40650,2.41500,2.41960,2.42370,2.43900,2.44110,2.42300,2.40190,2.37500,2.35650,2.34650,2.34290,2.33220,2.32420,2.32490,2.33260,2.35050,2.37310,2.39610,2.42290,2.46650,2.49050,2.49390,2.48910,2.49420,2.51590,2.56320,2.62780,2.67530,2.67820,2.64640,2.58680,2.50400,2.42160,2.36040,2.33060,2.30130,2.28270,2.29540,2.30490,2.30200,2.30200,2.30630,2.29160,2.28350,2.29110,2.28660,2.29000,2.29790,2.30790,2.32290,2.33990,2.34200,2.33000,2.32020,2.31890,2.31070,2.29120,2.28570,2.28320,2.27390,2.27820,2.28450,2.27380,2.25630,2.26390,2.28780,2.33120,2.39300
2.42480,2.36010,2.33140,2.31580,2.34100,2.37140,2.39510,2.42000,2.43500,2.43580,2.44200,2.45120,2.45800,2.46660,2.48480,2.48570,2.46430,2.44170,2.41580,2.39750,2.39240,2.39020,2.38010,2.37450,2.37450,2.38510,2.40560,2.42740,2.44440,2.46370,2.50700,2.52940,2.52810,2.52610,2.53910,2.57490,2.63540,2.70780,2.75820,2.76240,2.72810,2.66210,2.56330,2.46560,2.39940,2.36860,2.34390,2.33210,2.35350,2.37420,2.37700,2.37700,2.37940,2.34220,2.33050,2.34440,2.33290,2.32900,2.33670,2.34770,2.36160,2.38080,2.38150,2.36760,2.35470,2.34880,2.33820,2.31660,2.31000,2.30540,2.29190,2.29480,2.30020,2.28510,2.25970,2.26060,2.28530,2.33260,2.40470
2.40840,2.34220,2.32570,2.31850,2.35400,2.39540,2.42950,2.46110,2.48250,2.48870,2.49780,2.50750,2.51700,2.53130,2.55180,2.55130,2.52630,2.50280,2.47960,2.46310,2.46300,2.46170,2.45300,2.45000,2.44810,2.46220,2.48410,2.50400,2.51320,2.52340,2.56590,2.58760,2.58200,2.58230,2.60210,2.64990,2.71950,2.79440,2.84460,2.84970,2.81470,2.74670,2.63660,2.52870,2.46090,2.43020,2.40970,2.40580,2.43560,2.46800,2.47610,2.47510,2.47490,2.41760,2.40230,2.42180,2.40230,2.38990,2.39780,2.40950,2.42120,2.44220,2.44270,2.42770,2.41220,2.40060,2.38700,2.36430,2.35570,2.34730,2.32820,2.32890,2.33350,2.31300,2.27610,2.26510,2.28320,2.33430,2.42290
2.39810,2.33260,2.33160,2.33560,2.38340,2.43750,2.48390,2.52320,2.55240,2.56450,2.57590,2.58510,2.59760,2.61780,2.63950,2.63690,2.60790,2.58360,2.56410,2.55040,2.55450,2.55350,2.54720,2.54660,2.54190,2.55960,2.58180,2.59830,2.59830,2.59860,2.63990,2.66250,2.65340,2.65500,2.68000,2.73690,2.81090,2.88410,2.93140,2.93690,2.90280,2.83660,2.71970,2.60650,2.54120,2.51100,2.49430,2.49850,2.53560,2.57910,2.59170,2.58840,2.58560,2.51440,2.49560,2.51910,2.49120,2.46970,2.47860,2.49090,2.49990,2.52290,2.52480,2.51030,2.49270,2.47520,2.45920,2.43690,2.42570,2.41130,2.38560,2.38390,2.38750,2.36140,2.31100,2.28410,2.28830,2.34250,2.45280
2.40040,2.33760,2.35460,2.37370,2.43390,2.50030,2.55900,2.60610,2.64340,2.66080,2.67330,2.68090,2.69620,2.72150,2.74300,2.73750,2.70350,2.67780,2.66260,2.65230,2.65910,2.65760,2.65470,2.65580,2.64770,2.66920,2.69070,2.70220,2.69220,2.68270,2.72270,2.74780,2.73670,2.73820,2.76660,2.82930,2.90400,2.97220,3.01500,3.02050,2.98830,2.92680,2.80660,2.69220,2.63220,2.60200,2.58870,2.60020,2.64340,2.69740,2.71330,2.70710,2.70220,2.62490,2.60350,2.62770,2.59150,2.56130,2.57200,2.58500,2.59180,2.61700,2.62250,2.61040,2.59140,2.56890,2.55120,2.53150,2.51740,2.49490,2.46240,2.45820,2.46040,2.42890,2.36460,2.32000,2.30450,2.36060,2.49550
2.41910,2.36000,2.39660,2.43460,2.50560,2.58220,2.65190,2.70600,2.75090,2.77200,2.78380,2.78870,2.80630,2.83540,2.85520,2.84590,2.80560,2.77740,2.76640,2.75960,2.76730,2.76460,2.76610,2.76800,2.75650,2.78170,2.80190,2.80730,2.78720,2.76840,2.80720,2.83610,2.82430,2.82440,2.85420,2.92020,2.99320,3.05460,3.09190,3.09700,3.06760,3.01210,2.89090,2.77780,2.72480,2.69350,2.68280,2.70120,2.74920,2.81300,2.83130,2.82220,2.81610,2.74060,2.71730,2.73870,2.69480,2.65650,2.66970,2.68350,2.68910,2.71710,2.72830,2.72020,2.70060,2.67490,2.65670,2.64140,2.62460,2.59280,2.55390,2.54740,2.54800,2.51160,2.43400,2.37240,2.33370,2.39060,2.54870
2.45580,2.40120,2.45680,2.51600,2.59510,2.67910,2.75710,2.81690,2.86820,2.89120,2.90050,2.90140,2.92060,2.95200,2.96880,2.95460,2.90670,2.87460,2.86740,2.86390,2.87080,2.86660,2.87300,2.87510,2.86000,2.88900,2.90770,2.90640,2.87630,2.84960,2.88720,2.92080,2.90950,2.90720,2.93660,3.00340,3.07360,3.12740,3.15920,3.16380,3.13700,3.08860,2.96720,2.85660,2.81100,2.77750,2.76930,2.79360,2.84570,2.91860,2.93860,2.92700,2.92090,2.85390,2.82940,2.84450,2.79370,2.74840,2.76400,2.77880,2.78480,2.81640,2.83470,2.83200,2.81230,2.78560,2.76810,2.75900,2.73990,2.69860,2.65400,2.64590,2.64520,2.60430,2.51550,2.43970,2.37780,2.43340,2.60900
2.51030,2.46070,2.53220,2.61240,2.69640,2.78460,2.86810,2.93180,2.98820,3.01090,3.01610,3.01210,3.03210,3.06430,3.07700,3.05720,3.00020,2.96300,2.95920,2.95870,2.96330,2.95760,2.96900,2.97090,2.95280,2.98520,3.00270,2.99420,2.95480,2.92170,2.95820,2.99680,2.98670,2.98130,3.00880,3.07450,3.14140,3.18810,3.21460,3.21830,3.19430,3.15310,3.03200,2.92430,2.88520,2.84920,2.84330,2.87280,2.92830,3.00960,3.03080,3.01750,3.01230,2.95880,2.93380,2.93990,2.88300,2.83190,2.84920,2.86530,2.87340,2.90880,2.93540,2.93900,2.91960,2.89400,2.87840,2.87670,2.85600,2.80580,2.75660,2.74780,2.74610,2.70100,2.60430,2.51920,2.43740,2.48970,2.67290
2.57930,2.53510,2.61820,2.71680,2.80260,2.89220,2.97830,3.04440,3.10440,3.12500,3.12480,3.11490,3.13530,3.16710,3.17490,3.14870,3.08140,3.03830,3.03750,3.03950,3.04080,3.03410,3.05050,3.05190,3.03130,3.06670,3.08320,3.06780,3.02000,2.98180,3.01730,3.06090,3.05260,3.04340,3.06750,3.13060,3.19430,3.23470,3.25660,3.25920,3.23780,3.20350,3.08310,2.97830,2.94480,2.90620,2.90300,2.93680,2.99530,3.08390,3.10580,3.09190,3.08860,3.05160,3.02660,3.02180,2.96000,2.90420,2.92190,2.93930,2.95100,2.99040,3.02580,3.03610,3.01720,2.99460,2.98210,2.98820,2.96700,2.90900,2.85630,2.84770,2.84540,2.79620,2.69500,2.60640,2.51100,2.55850,2.73760
2.65720,2.61870,2.70880,2.82180,2.90700,2.99570,3.08200,3.14930,3.21170,3.22920,3.22260,3.20620,3.22650,3.25690,3.25910,3.22600,3.14760,3.09830,3.10050,3.10400,3.10150,3.09450,3.11580,3.11670,3.09430,3.13200,3.14770,3.12580,3.07100,3.02940,3.06330,3.11150,3.10530,3.09180,3.11160,3.17070,3.23130,3.26650,3.28450,3.28560,3.26660,3.23910,3.12030,3.01810,2.98930,2.94880,2.94890,2.98640,3.04680,3.14090,3.16340,3.15000,3.14920,3.13050,3.10580,3.08890,3.02350,2.96420,2.98050,2.99890,3.01590,3.05900,3.10320,3.12010,3.10160,3.08390,3.07560,3.08950,3.06850,3.00420,2.94890,2.94120,2.93840,2.88510,2.78260,2.69580,2.59450,2.63670,2.80090
2.73630,2.70410,2.79800,2.92080,3.00390,3.09070,3.17550,3.24300,3.30710,3.32080,3.30690,3.28340,3.30340,3.33180,3.32790,3.28740,3.19790,3.14240,3.14740,3.15180,3.14530,3.13870,3.16450,3.16520,3.14200,3.18080,3.19600,3.16830,3.10810,3.06500,3.09610,3.14830,3.14430,3.12610,3.14110,3.19470,3.25240,3.28360,3.29840,3.29760,3.28100,3.26030,3.14430,3.04450,3.01970,2.97870,2.98270,3.02300,3.08400,3.18170,3.20450,3.19270,3.19500,3.19520,3.17090,3.14130,3.07360,3.01220,3.02470,3.04370,3.06730,3.11350,3.16590,3.18950,3.17130,3.15990,3.15640,3.17790,3.15770,3.08880,3.03180,3.02540,3.02240,2.96450,2.86330,2.78220,2.68220,2.71950,2.86110
2.80950,2.78510,2.88140,3.00930,3.08980,3.17450,3.25680,3.32390,3.38910,3.39900,3.37710,3.34620,3.36570,3.39140,3.38120,3.33280,3.23260,3.17170,3.17910,3.18370,3.17320,3.16820,3.19790,3.19910,3.17550,3.21430,3.22910,3.19670,3.13290,3.09000,3.11720,3.17170,3.16970,3.14680,3.15680,3.20400,3.25890,3.28720,3.29930,3.29630,3.28220,3.26830,3.15700,3.05970,3.03800,2.99820,3.00660,3.04900,3.10910,3.20800,3.23100,3.22170,3.22740,3.24640,3.22260,3.17990,3.11120,3.04910,3.05540,3.07450,3.10580,3.15410,3.21420,3.24380,3.22590,3.22200,3.22400,3.25270,3.23370,3.16190,3.10380,3.09920,3.09580,3.03310,2.93520,2.86200,2.76890,2.80210,2.91700
2.87150,2.85720,2.95590,3.08510,3.16320,3.24640,3.32580,3.39180,3.45780,3.46420,3.43370,3.39490,3.41390,3.43660,3.41960,3.36330,3.25320,3.18790,3.19730,3.20120,3.18720,3.18480,3.21790,3.22030,3.19710,3.23420,3.24870,3.21270,3.14720,3.10610,3.12820,3.18270,3.18240,3.15530,3.16000,3.20090,3.25290,3.27910,3.28890,3.28350,3.27210,3.26510,3.16020,3.06600,3.04660,3.00960,3.02310,3.06670,3.12430,3.22220,3.24540,3.23940,3.24870,3.28560,3.26230,3.20660,3.13800,3.07670,3.07410,3.09280,3.13250,3.18190,3.24890,3.28400,3.26620,3.27090,3.27890,3.31400,3.29670,3.22330,3.16500,3.16240,3.15870,3.09120,2.99770,2.93330,2.85070,2.88070,2.96840
2.91910,2.91770,3.02050,3.14770,3.22440,3.30680,3.38310,3.44740,3.51400,3.51750,3.47790,3.43100,3.44930,3.46870,3.44450,3.38020,3.26160,3.19290,3.20380,3.20650,3.18940,3.19070,3.22660,3.23130,3.20900,3.24290,3.25710,3.21850,3.15310,3.11530,3.13100,3.18310,3.18400,3.15330,3.15270,3.18730,3.23710,3.26170,3.26960,3.26170,3.25330,3.25340,3.15600,3.06590,3.04760,3.01510,3.03390,3.07850,3.13230,3.22700,3.25030,3.24850,3.26110,3.31440,3.29170,3.22350,3.15590,3.09660,3.08280,3.10030,3.14900,3.19840,3.27140,3.31120,3.29360,3.30760,3.32190,3.36300,3.34750,3.27340,3.21580,3.21560,3.21170,3.13970,3.05130,2.99520,2.92480,2.95260,3.01540
2.95160,2.96580,3.07480,3.19750,3.27410,3.35700,3.43000,3.49200,3.55910,3.56030,3.51130,3.45600,3.47370,3.48940,3.45780,3.38550,3.26000,3.18860,3.20070,3.20140,3.18220,3.18830,3.22660,3.23480,3.21390,3.24300,3.25680,3.21670,3.15280,3.11930,3.12760,3.17470,3.17620,3.14260,3.13700,3.16570,3.21430,3.23780,3.24410,3.23390,3.22880,3.23580,3.14680,3.06130,3.04320,3.01630,3.04090,3.08640,3.13550,3.22510,3.24880,3.25180,3.26750,3.33480,3.31250,3.23310,3.16710,3.11080,3.08360,3.09900,3.15680,3.20520,3.28350,3.32730,3.30960,3.33370,3.35450,3.40080,3.38750,3.31280,3.25700,3.25960,3.25580,3.18010,3.09700,3.04780,2.98990,3.01640,3.05800
2.96950,3.00170,3.11910,3.23570,3.31370,3.39830,3.46820,3.52710,3.59460,3.59430,3.53540,3.47160,3.48870,3.50050,3.46130,3.38110,3.25070,3.17720,3.19020,3.18850,3.16830,3.18040,3.22080,3.23370,3.21460,3.23740,3.25080,3.21010,3.14890,3.12010,3.12050,3.16000,3.16120,3.12560,3.11550,3.13900,3.18720,3.21070,3.21550,3.20340,3.20210,3.21550,3.13510,3.05450,3.03560,3.01540,3.04590,3.09290,3.13640,3.21950,3.24400,3.25230,3.27080,3.34850,3.32670,3.23850,3.17460,3.12200,3.07930,3.09140,3.15830,3.20450,3.28740,3.33430,3.31660,3.35090,3.37810,3.42910,3.41810,3.34280,3.28950,3.29520,3.29200,3.21350,3.13560,3.09170,3.04530,3.07150,3.09660
2.97500,3.02650,3.15410,3.26360,3.34470,3.43230,3.49910,3.55410,3.62220,3.62120,3.55210,3.48010,3.49660,3.50420,3.45730,3.36970,3.23640,3.16130,3.17490,3.17050,3.15080,3.17020,3.21240,3.23130,3.21430,3.22960,3.24260,3.20230,3.14450,3.12050,3.11250,3.14200,3.14190,3.10510,3.09120,3.11080,3.15920,3.18310,3.18650,3.17340,3.17600,3.19520,3.12390,3.04820,3.02760,3.01440,3.05110,3.10030,3.13820,3.21380,3.23940,3.25350,3.27420,3.35780,3.33650,3.24310,3.18150,3.13310,3.07330,3.08090,3.15600,3.19900,3.28590,3.33470,3.31690,3.36150,3.39470,3.45000,3.44120,3.36470,3.31410,3.32350,3.32130,3.24130,3.16800,3.12750,3.09100,3.11800,3.13130
2.97070,3.04120,3.18040,3.28260,3.36880,3.46060,3.52430,3.57490,3.64370,3.64260,3.56330,3.48350,3.49950,3.50280,3.44850,3.35410,3.22010,3.14400,3.15800,3.15110,3.13360,3.16130,3.20520,3.23110,3.21650,3.22330,3.23600,3.19710,3.14310,3.12360,3.10710,3.12470,3.12210,3.08490,3.06810,3.08560,3.13460,3.15860,3.16090,3.14790,3.15480,3.17820,3.11630,3.04550,3.02250,3.01650,3.05920,3.11180,3.14420,3.21160,3.23880,3.25900,3.28130,3.36530,3.34470,3.25060,3.19160,3.14740,3.06970,3.07140,3.15350,3.19210,3.28220,3.33180,3.31370,3.36810,3.40660,3.46550,3.45900,3.38060,3.33250,3.34550,3.34500,3.26460,3.19520,3.15600,3.12720,3.15640,3.16240
2.95940,3.04700,3.19900,3.29460,3.38790,3.48510,3.54580,3.59130,3.66090,3.66040,3.57120,3.48450,3.50030,3.49920,3.43800,3.33780,3.20500,3.12920,3.14350,3.13450,3.12140,3.15820,3.20350,3.23690,3.22480,3.22270,3.23520,3.19850,3.14850,3.13280,3.10810,3.11210,3.10590,3.06910,3.05060,3.06780,3.11780,3.14190,3.14310,3.13170,3.14260,3.16860,3.11590,3.04990,3.02420,3.02520,3.07340,3.13020,3.15760,3.21660,3.24580,3.27210,3.29550,3.37400,3.35440,3.26510,3.20870,3.16870,3.07330,3.06810,3.15480,3.18800,3.28010,3.32910,3.31060,3.37390,3.41670,3.47840,3.47410,3.39270,3.34720,3.36340,3.36480,3.28510,3.21840,3.17840,3.15460,3.18780,3.19040
2.94390,3.04510,3.21130,3.30180,3.40430,3.50770,3.56540,3.60560,3.67610,3.67680,3.57840,3.48640,3.50200,3.49660,3.42960,3.32500,3.19540,3.12140,3.13590,3.12590,3.11930,3.16520,3.21140,3.25260,3.24290,3.23190,3.24430,3.21060,3.16460,3.15170,3.11940,3.10890,3.09800,3.06260,3.04350,3.06250,3.11360,3.13690,3.13730,3.12910,3.14390,3.17030,3.12620,3.06500,3.03690,3.04400,3.09700,3.15890,3.18190,3.23250,3.26410,3.29620,3.31990,3.38720,3.36890,3.29000,3.23670,3.20040,3.08900,3.07600,3.16450,3.19110,3.28410,3.33080,3.31190,3.38250,3.42830,3.49200,3.48960,3.40440,3.36150,3.38000,3.38310,3.30480,3.23950,3.19650,3.17500,3.21360,3.21630
2.92650,3.03700,3.21950,3.30710,3.42090,3.53090,3.58570,3.62040,3.69180,3.69410,3.58780,3.49230,3.50810,3.49860,3.42710,3.32020,3.19590,3.12550,3.14010,3.13020,3.13220,3.18680,3.23300,3.28120,3.27370,3.25460,3.26700,3.23700,3.19470,3.18350,3.14460,3.11930,3.10300,3.06990,3.05130,3.07370,3.12570,3.14760,3.14740,3.14400,3.16200,3.18670,3.15040,3.09400,3.06410,3.07630,3.13310,3.20020,3.21980,3.26230,3.29630,3.33390,3.35700,3.40850,3.39190,3.32830,3.27850,3.24550,3.12100,3.10020,3.18700,3.20630,3.29850,3.34150,3.32200,3.39780,3.44500,3.50950,3.50880,3.41940,3.37910,3.39890,3.40290,3.32650,3.26120,3.21300,3.19090,3.23600,3.24140
2.90850,3.02420,3.22590,3.31380,3.44040,3.55680,3.60860,3.63790,3.71020,3.71430,3.60190,3.50550,3.52150,3.50830,3.43420,3.32720,3.21020,3.14500,3.15980,3.15140,3.16350,3.22530,3.27040,3.32430,3.31860,3.29250,3.30520,3.27930,3.24030,3.22960,3.18510,3.14590,3.12360,3.09380,3.07680,3.10380,3.15650,3.17580,3.17510,3.17810,3.19830,3.21950,3.19000,3.13840,3.10780,3.12370,3.18280,3.25510,3.27210,3.30710,3.34360,3.38580,3.40790,3.44020,3.42610,3.38120,3.33540,3.30490,3.17170,3.14380,3.22520,3.23670,3.32640,3.36440,3.34460,3.42300,3.46970,3.53400,3.53480,3.44090,3.40350,3.42340,3.42720,3.35290,3.28650,3.23100,3.20520,3.25760,3.26720
2.89050,3.00830,3.23340,3.32500,3.46510,3.58710,3.63610,3.66040,3.73300,3.73910,3.62300,3.52800,3.54440,3.52790,3.45330,3.34840,3.24060,3.18200,3.19680,3.19120,3.21410,3.28090,3.32380,3.38160,3.37710,3.34570,3.35870,3.33690,3.30080,3.28950,3.24050,3.18890,3.16070,3.13490,3.12040,3.15260,3.20530,3.22130,3.22000,3.23050,3.25210,3.26810,3.24440,3.19780,3.16770,3.18580,3.24570,3.32280,3.33790,3.36640,3.40510,3.45120,3.47150,3.48370,3.47260,3.44790,3.40650,3.37780,3.24070,3.20720,3.28000,3.28380,3.36920,3.40130,3.38160,3.45990,3.50450,3.56720,3.56950,3.47170,3.43750,3.45620,3.45870,3.38660,3.31820,3.25380,3.22140,3.28080,3.29510
2.87330,2.99200,3.24530,3.34370,3.49720,3.62340,3.66940,3.68920,3.76140,3.76940,3.65210,3.56100,3.57760,3.55860,3.48530,3.38460,3.28710,3.23620,3.25090,3.24890,3.28230,3.35190,3.39130,3.45100,3.44720,3.41210,3.42550,3.40760,3.37400,3.36120,3.30850,3.24640,3.21300,3.19160,3.18040,3.21760,3.26960,3.28160,3.27980,3.29820,3.32040,3.33030,3.31130,3.26980,3.24140,3.26040,3.31970,3.40090,3.41480,3.43760,3.47840,3.52750,3.54580,3.53870,3.53130,3.52590,3.48930,3.46190,3.32570,3.28840,3.35020,3.34670,3.42660,3.45240,3.43310,3.50890,3.55000,3.61020,3.61380,3.51320,3.48280,3.49930,3.49930,3.42960,3.35900,3.28480,3.24350,3.30880,3.32720
2.85850,2.97910,3.26470,3.37270,3.53800,3.66630,3.70940,3.72510,3.79610,3.80560,3.68950,3.60430,3.62100,3.60010,3.52970,3.43460,3.34790,3.30520,3.31950,3.32150,3.36450,3.43450,3.46950,3.52920,3.52550,3.48830,3.50220,3.48770,3.45620,3.44130,3.38550,3.31500,3.27700,3.26040,3.25280,3.29450,3.34530,3.35260,3.35030,3.37690,3.39900,3.40230,3.38710,3.35080,3.32530,3.34370,3.40130,3.48590,3.49910,3.51720,3.55980,3.61110,3.62700,3.60380,3.60040,3.61170,3.58010,3.55350,3.42220,3.38330,3.43260,3.42270,3.49650,3.51600,3.49750,3.56890,3.60550,3.66240,3.66730,3.56540,3.53950,3.55320,3.55010,3.48310,3.41050,3.32680,3.27530,3.34460,3.36550
2.84950,2.97410,3.29440,3.41360,3.58800,3.71580,3.75580,3.76800,3.83660,3.84710,3.73460,3.65660,3.67300,3.65080,3.58430,3.49550,3.41960,3.38510,3.39870,3.40470,3.45580,3.52410,3.55420,3.61220,3.60800,3.57030,3.58460,3.57290,3.54300,3.52550,3.46710,3.39020,3.34870,3.33690,3.33300,3.37820,3.42740,3.42980,3.42660,3.46130,3.48280,3.47970,3.46770,3.43650,3.41460,3.43130,3.48650,3.57400,3.58660,3.60110,3.64540,3.69800,3.71130,3.67620,3.67720,3.70120,3.67460,3.64840,3.52520,3.48650,3.52300,3.50750,3.57520,3.58900,3.57170,3.63730,3.66910,3.72230,3.72860,3.62730,3.60640,3.61710,3.61070,3.54690,3.47340,3.38170,3.31960,3.39060,3.41230
2.85050,2.98190,3.33660,3.46710,3.64680,3.77140,3.80800,3.81700,3.88200,3.89290,3.78570,3.71560,3.73100,3.70820,3.64640,3.56380,3.49800,3.47120,3.48390,3.49360,3.55130,3.61610,3.64080,3.69620,3.69100,3.65370,3.66850,3.65900,3.63050,3.61030,3.54920,3.46770,3.42350,3.41640,3.41630,3.46390,3.51110,3.50830,3.50430,3.54650,3.56710,3.55820,3.54900,3.52270,3.50490,3.51910,3.57140,3.66130,3.67340,3.68500,3.73100,3.78430,3.79500,3.75290,3.75830,3.79020,3.76850,3.74230,3.62980,3.59250,3.61670,3.59680,3.65860,3.66750,3.65160,3.71090,3.73790,3.78760,3.79530,3.69640,3.68120,3.68930,3.68000,3.61980,3.54700,3.44970,3.37820,3.44830,3.46920
2.86650,3.00650,3.39170,3.53250,3.71290,3.83160,3.86450,3.87050,3.93070,3.94130,3.84070,3.77830,3.79250,3.76940,3.71230,3.63540,3.57870,3.55900,3.57080,3.58360,3.64620,3.70650,3.72570,3.77780,3.77120,3.73510,3.75020,3.74250,3.71520,3.69220,3.62860,3.54380,3.49760,3.49520,3.49870,3.54750,3.59250,3.58460,3.57960,3.62880,3.64850,3.63440,3.62770,3.60610,3.59250,3.60350,3.65270,3.74470,3.75640,3.76570,3.81340,3.86680,3.87500,3.83050,3.84010,3.87540,3.85830,3.83200,3.73140,3.69670,3.70940,3.68600,3.74250,3.74770,3.73340,3.78640,3.80910,3.85530,3.86470,3.77000,3.76090,3.76690,3.75580,3.69990,3.62960,3.52970,3.45070,3.51810,3.53700
2.90130,3.05010,3.45880,3.60760,3.78410,3.89460,3.92330,3.92640,3.98090,3.99060,3.89720,3.84210,3.85430,3.83170,3.77900,3.70680,3.65790,3.64460,3.65550,3.67080,3.73690,3.79200,3.80590,3.85450,3.84610,3.81180,3.82720,3.82080,3.79480,3.76910,3.70280,3.61590,3.56830,3.57040,3.57730,3.62630,3.66930,3.65620,3.65010,3.70570,3.72440,3.70610,3.70160,3.68450,3.67510,3.68210,3.72820,3.82200,3.83310,3.84080,3.89010,3.94330,3.94890,3.90590,3.91950,3.95420,3.94140,3.91480,3.82690,3.79500,3.79760,3.77160,3.82370,3.82610,3.81340,3.86050,3.87950,3.92270,3.93380,3.84470,3.84210,3.84700,3.83540,3.78450,3.71830,3.61900,3.53540,3.59850,3.61520
2.95640,3.11250,3.53590,3.68940,3.85780,3.95820,3.98260,3.98270,4.03060,4.03900,3.95320,3.90420,3.91430,3.89250,3.84380,3.77530,3.73300,3.72530,3.73540,3.75270,3.82110,3.87070,3.87980,3.92460,3.91440,3.88230,3.89800,3.89260,3.86800,3.83980,3.77090,3.68250,3.63400,3.64070,3.65070,3.69920,3.74020,3.72230,3.71510,3.77620,3.79420,3.77230,3.77010,3.75710,3.75140,3.75400,3.79680,3.89240,3.90250,3.90880,3.95970,4.01240,4.01560,3.97700,3.99430,4.02520,4.01640,3.98950,3.91390,3.88510,3.87900,3.85110,3.89950,3.90010,3.88900,3.93100,3.94700,3.98750,4.00030,3.91780,3.92180,3.92650,3.91570,3.87080,3.81020,3.71440,3.62890,3.68700,3.70180
3.03070,3.19120,3.61950,3.77430,3.93100,4.02020,4.04010,4.03730,4.07820,4.08500,4.00670,3.96280,3.97060,3.95010,3.90490,3.83900,3.80240,3.79970,3.80920,3.82790,3.89770,3.94180,3.94660,3.98780,3.97580,3.94620,3.96200,3.95760,3.93450,3.90430,3.83290,3.74370,3.69470,3.70590,3.71890,3.76640,3.80550,3.78320,3.77470,3.84070,3.85780,3.83330,3.83330,3.82420,3.82140,3.81920,3.85870,3.95550,3.96460,3.96960,4.02190,4.07400,4.07480,4.04230,4.06290,4.08790,4.08290,4.05570,3.99150,3.96560,3.95250,3.92310,3.96860,3.96820,3.95860,3.99600,4.00960,4.04770,4.06210,3.98680,3.99730,4.00260,3.99400,3.95600,3.90210,3.81200,3.72730,3.78040,3.79420
3.12090,3.28200,3.70590,3.85860,4.00130,4.07870,4.09430,4.08870,4.12260,4.12790,4.05680,4.01690,4.02240,4.00380,3.96170,3.89750,3.86580,3.86770,3.87690,3.89650,3.96690,4.00570,4.00660,4.04470,4.03100,4.00410,4.02000,4.01640,3.99520,3.96340,3.88990,3.80080,3.75180,3.76730,3.78330,3.82910,3.86640,3.84010,3.83060,3.90030,3.91660,3.89040,3.89260,3.88680,3.88650,3.87920,3.91510,4.01250,4.02010,4.02390,4.07750,4.12880,4.12720,4.10140,4.12460,4.14280,4.14140,4.11380,4.06030,4.03690,4.01820,3.98790,4.03080,4.03000,4.02160,4.05500,4.06670,4.10260,4.11830,4.05030,4.06700,4.07350,4.06820,4.03770,3.99110,3.90850,3.82670,3.87520,3.88910
3.22290,3.38040,3.79200,3.93960,4.06710,4.13280,4.14460,4.13630,4.16340,4.16750,4.10350,4.06650,4.06990,4.05380,4.01450,3.95160,3.92450,3.93060,3.93960,3.95970,4.02990,4.06350,4.06130,4.09660,4.08150,4.05730,4.07330,4.07060,4.05140,4.01870,3.94390,3.85570,3.80710,3.82660,3.84560,3.88920,3.92480,3.89510,3.88450,3.95680,3.97230,3.94520,3.94960,3.94700,3.94830,3.93580,3.96800,4.06490,4.07080,4.07350,4.12810,4.17830,4.17420,4.15460,4.18010,4.19140,4.19320,4.16540,4.12170,4.10030,4.07740,4.04650,4.08700,4.08600,4.07860,4.10870,4.11870,4.15230,4.16880,4.10800,4.13030,4.13830,4.13710,4.11430,4.07520,4.00110,3.92370,3.96840,3.98360
3.33190,3.48190,3.87490,4.01540,4.12730,4.18200,4.19060,4.18020,4.20090,4.20420,4.14720,4.11240,4.11400,4.10100,4.06420,4.00270,3.97980,3.98960,3.99880,4.01880,4.08790,4.11690,4.11210,4.14500,4.12900,4.10750,4.12340,4.12150,4.10480,4.07180,3.99680,3.91030,3.86260,3.88580,3.90740,3.94860,3.98220,3.94980,3.93850,4.01180,4.02660,3.99930,4.00600,4.00610,4.00850,3.99100,4.01910,4.11440,4.11850,4.12010,4.17510,4.22390,4.21740,4.20320,4.23020,4.23490,4.23980,4.21200,4.17710,4.15740,4.13150,4.10040,4.13830,4.13740,4.13080,4.15780,4.16640,4.19730,4.21420,4.16000,4.18720,4.19670,4.20010,4.18480,4.15300,4.08780,4.01570,4.05770,4.07500
3.44390,3.58280,3.95300,4.08490,4.18190,4.22650,4.23280,4.22070,4.23570,4.23890,4.18870,4.15560,4.15570,4.14630,4.11210,4.05200,4.03330,4.04640,4.05600,4.07550,4.14260,4.16740,4.16060,4.19140,4.17490,4.15600,4.17170,4.17080,4.15680,4.12430,4.05020,3.96670,3.92030,3.94650,3.97040,4.00870,4.03990,4.00580,3.99400,4.06680,4.08080,4.05410,4.06290,4.06570,4.06860,4.04650,4.07030,4.16270,4.16510,4.16560,4.22030,4.26710,4.25840,4.24850,4.27640,4.27520,4.28280,4.25540,4.22840,4.21000,4.18220,4.15120,4.18620,4.18550,4.17950,4.20360,4.21080,4.23860,4.25530,4.20730,4.23840,4.24920,4.25730,4.24910,4.22390,4.16730,4.10090,4.14130,4.16160
3.55600,3.68120,4.02590,4.14850,4.23150,4.26740,4.27220,4.25890,4.26890,4.27260,4.22930,4.19760,4.19650,4.19100,4.15940,4.10150,4.08680,4.10260,4.11260,4.13130,4.19530,4.21650,4.20830,4.23710,4.22060,4.20430,4.21960,4.21980,4.20880,4.17750,4.10560,4.02610,3.98160,4.00990,4.03570,4.07070,4.09910,4.06410,4.05200,4.12290,4.13600,4.11070,4.12140,4.12650,4.12950,4.10360,4.12310,4.21100,4.21200,4.21140,4.26500,4.30960,4.29870,4.29220,4.32010,4.31370,4.32380,4.29700,4.27710,4.25970,4.23120,4.20060,4.23230,4.23160,4.22610,4.24740,4.25320,4.27770,4.29350,4.25120,4.28510,4.29680,4.30940,4.30760,4.28800,4.23920,4.17860,4.21830,4.24200
3.66640,3.77640,4.09410,4.20730,4.27760,4.30590,4.30980,4.29600,4.30170,4.30650,4.27000,4.23970,4.23760,4.23600,4.20730,4.15230,4.14160,4.15940,4.16980,4.18740,4.24760,4.26570,4.25650,4.28330,4.26730,4.25360,4.26830,4.26950,4.26170,4.23220,4.16400,4.08960,4.04720,4.07700,4.10390,4.13530,4.16030,4.12530,4.11320,4.18080,4.19310,4.16970,4.18210,4.18900,4.19170,4.16300,4.17800,4.26040,4.26030,4.25880,4.31040,4.35230,4.33970,4.33530,4.36260,4.35200,4.36400,4.33830,4.32470,4.30820,4.27980,4.25000,4.27800,4.27710,4.27200,4.29070,4.29490,4.31560,4.33010,4.29320,4.32880,4.34090,4.35750,4.36130,4.34630,4.30420,4.24920,4.28880,4.31610
3.77460,3.86930,4.15910,4.26240,4.32130,4.34350,4.34700,4.33310,4.33550,4.34150,4.31180,4.28320,4.28030,4.28230,4.25650,4.20550,4.19860,4.21780,4.22830,4.24450,4.30030,4.31570,4.30600,4.33080,4.31570,4.30460,4.31840,4.32070,4.31600,4.28890,4.22550,4.15710,4.11730,4.14760,4.17480,4.20220,4.22370,4.18940,4.17760,4.24060,4.25210,4.23110,4.24490,4.25300,4.25490,4.22460,4.23530,4.31110,4.31030,4.30810,4.35710,4.39600,4.38210,4.37880,4.40470,4.39090,4.40440,4.38020,4.37210,4.35640,4.32890,4.30040,4.32420,4.32310,4.31830,4.33440,4.33710,4.35370,4.36650,4.33480,4.37090,4.38290,4.40260,4.41120,4.39970,4.36310,4.31370,4.35320,4.38400
3.88100,3.96080,4.22210,4.31530,4.36390,4.38110,4.38460,4.37110,4.37090,4.37830,4.35530,4.32870,4.32520,4.33030,4.30760,4.26140,4.25790,4.27790,4.28840,4.30300,4.35390,4.36700,4.35710,4.37970,4.36600,4.35720,4.37000,4.37320,4.37150,4.34720,4.28950,4.22760,4.19070,4.22060,4.24740,4.27060,4.28870,4.25580,4.24430,4.30190,4.31240,4.29430,4.30910,4.31790,4.31860,4.28760,4.29410,4.36270,4.36170,4.35920,4.40490,4.44070,4.42590,4.42290,4.44690,4.43080,4.44530,4.42280,4.41960,4.40470,4.37890,4.35210,4.37160,4.37010,4.36580,4.37940,4.38050,4.39290,4.40360,4.37690,4.41240,4.42390,4.44580,4.45820,4.44920,4.41720,4.37320,4.41250,4.44640
3.98580,4.05180,4.28400,4.36660,4.40600,4.41940,4.42320,4.41050,4.40840,4.41720,4.40060,4.37640,4.37240,4.37990,4.36040,4.31950,4.31900,4.33910,4.34940,4.36230,4.40800,4.41910,4.40930,4.42970,4.41760,4.41100,4.42260,4.42660,4.42750,4.40600,4.35440,4.29910,4.26540,4.29430,4.32010,4.33920,4.35390,4.32300,4.31200,4.36350,4.37320,4.35800,4.37350,4.38230,4.38160,4.35090,4.35350,4.41450,4.41380,4.41120,4.45340,4.48590,4.47070,4.46740,4.48920,4.47160,4.48670,4.46610,4.46680,4.45300,4.42960,4.40480,4.42010,4.41820,4.41440,4.42570,4.42530,4.43360,4.44200,4.42010,4.45400,4.46460,4.48770,4.50290,4.49550,4.46710,4.42860,4.46720,4.50390
4.08880,4.14220,4.34510,4.41680,4.44800,4.45870,4.46290,4.45130,4.44800,4.45800,4.44720,4.42570,4.42150,4.43060,4.41410,4.37880,4.38070,4.40020,4.41020,4.42130,4.46200,4.47130,4.46180,4.48000,4.46960,4.46490,4.47520,4.47970,4.48270,4.46410,4.41860,4.36970,4.33920,4.36670,4.39090,4.40630,4.41820,4.38960,4.37920,4.42440,4.43330,4.42090,4.43660,4.44510,4.44280,4.41300,4.41240,4.46590,4.46570,4.46340,4.50180,4.53100,4.51590,4.51210,4.53140,4.51290,4.52820,4.50970,4.51350,4.50070,4.48030,4.45780,4.46930,4.46710,4.46390,4.47300,4.47130,4.47590,4.48190,4.46440,4.49600,4.50530,4.52850,4.54550,4.53900,4.51350,4.48050,4.51800,4.55720
4.18910,4.23130,4.40530,4.46600,4.49010,4.49900,4.50370,4.49330,4.48930,4.50020,4.49440,4.47590,4.47150,4.48150,4.46780,4.43790,4.44160,4.46020,4.46960,4.47910,4.51490,4.52270,4.51370,4.52980,4.52090,4.51780,4.52680,4.53170,4.53630,4.52020,4.48050,4.43750,4.41030,4.43590,4.45830,4.47080,4.48040,4.45430,4.44450,4.48370,4.49180,4.48200,4.49740,4.50520,4.50150,4.47320,4.46990,4.51630,4.51680,4.51480,4.54960,4.57570,4.56100,4.55640,4.57330,4.55460,4.56950,4.55330,4.55900,4.54750,4.53040,4.51030,4.51840,4.51600,4.51350,4.52070,4.51790,4.51920,4.52310,4.50960,4.53820,4.54600,4.56840,4.58610,4.58000,4.55680,4.52920,4.56510,4.60640
4.28530,4.31740,4.46370,4.51400,4.53220,4.53990,4.54500,4.53590,4.53170,4.54310,4.54150,4.52580,4.52150,4.53170,4.52060,4.49550,4.50050,4.51790,4.52660,4.53460,4.56610,4.57250,4.56400,4.57820,4.57080,4.56880,4.57680,4.58170,4.58740,4.57350,4.53920,4.50160,4.47750,4.50110,4.52150,4.53180,4.53950,4.51610,4.50710,4.54080,4.54800,4.54020,4.55500,4.56200,4.55720,4.53060,4.52560,4.56550,4.56660,4.56510,4.59630,4.61940,4.60540,4.60000,4.61460,4.59620,4.61050,4.59630,4.60310,4.59290,4.57900,4.56130,4.56660,4.56410,4.56220,4.56770,4.56410,4.56280,4.56490,4.55480,4.58010,4.58650,4.60720,4.62470,4.61850,4.59740,4.57500,4.60870,4.65170
4.37500,4.39840,4.51930,4.56020,4.57370,4.58090,4.58620,4.57840,4.57430,4.58580,4.58740,4.57440,4.57030,4.58050,4.57150,4.55080,4.55660,4.57260,4.58060,4.58730,4.61480,4.62020,4.61230,4.62480,4.61860,4.61760,4.62440,4.62930,4.63550,4.62370,4.59410,4.56140,4.54030,4.56180,4.58010,4.58860,4.59500,4.57430,4.56610,4.59490,4.60130,4.59520,4.60890,4.61490,4.60950,4.58510,4.57890,4.61310,4.61460,4.61370,4.64140,4.66170,4.64870,4.64250,4.65490,4.63740,4.65070,4.63850,4.64560,4.63660,4.62550,4.61020,4.61320,4.61060,4.60920,4.61320,4.60910,4.60580,4.60640,4.59900,4.62110,4.62600,4.64460,4.66120,4.65470,4.63520,4.61770,4.64890,4.69290
4.45660,4.47240,4.57120,4.60420,4.61410,4.62120,4.62670,4.62020,4.61640,4.62780,4.63170,4.62110,4.61740,4.62720,4.62010,4.60310,4.60930,4.62390,4.63110,4.63680,4.66080,4.66530,4.65810,4.66910,4.66400,4.66350,4.66950,4.67410,4.68040,4.67030,4.64500,4.61670,4.59850,4.61770,4.63390,4.64120,4.64650,4.62840,4.62110,4.64560,4.65120,4.64630,4.65880,4.66390,4.65810,4.63610,4.62960,4.65860,4.66050,4.66000,4.68450,4.70210,4.69020,4.68330,4.69370,4.67780,4.68980,4.67930,4.68630,4.67840,4.66960,4.65640,4.65770,4.65500,4.65390,4.65670,4.65230,4.64770,4.64710,4.64170,4.66050,4.66420,4.68040,4.69550,4.68860,4.67060,4.65730,4.68570,4.72970
4.52900,4.53860,4.61900,4.64570,4.65320,4.66030,4.66600,4.66060,4.65740,4.66850,4.67390,4.66540,4.66220,4.67150,4.66600,4.65210,4.65830,4.67140,4.67800,4.68280,4.70370,4.70750,4.70100,4.71060,4.70640,4.70630,4.71150,4.71580,4.72190,4.71330,4.69170,4.66740,4.65170,4.66870,4.68290,4.68910,4.69370,4.67800,4.67160,4.69240,4.69720,4.69320,4.70440,4.70870,4.70300,4.68340,4.67690,4.70160,4.70360,4.70350,4.72480,4.74000,4.72940,4.72190,4.73070,4.71660,4.72730,4.71830,4.72470,4.71790,4.71090,4.69960,4.69960,4.69690,4.69600,4.69780,4.69330,4.68780,4.68640,4.68240,4.69820,4.70080,4.71460,4.72790,4.72060,4.70380,4.69390,4.71950,4.76240
4.59280,4.59760,4.66310,4.68500,4.69090,4.69800,4.70380,4.69960,4.69690,4.70750,4.71370,4.70700,4.70430,4.71300,4.70870,4.69750,4.70340,4.71510,4.72100,4.72510,4.74320,4.74640,4.74070,4.74900,4.74560,4.74570,4.75020,4.75410,4.75970,4.75240,4.73410,4.71340,4.70000,4.71480,4.72710,4.73250,4.73640,4.72290,4.71740,4.73490,4.73900,4.73580,4.74570,4.74920,4.74380,4.72660,4.72060,4.74140,4.74340,4.74360,4.76210,4.77510,4.76570,4.75800,4.76530,4.75310,4.76250,4.75480,4.76050,4.75460,4.74900,4.73930,4.73850,4.73590,4.73510,4.73620,4.73170,4.72590,4.72390,4.72090,4.73400,4.73570,4.74720,4.75860,4.75100,4.73550,4.72800,4.75080,4.79140
4.64890,4.65040,4.70390,4.72210,4.72700,4.73410,4.73990,4.73660,4.73460,4.74440,4.75080,4.74560,4.74350,4.75130,4.74810,4.73900,4.74450,4.75480,4.76000,4.76350,4.77900,4.78180,4.77680,4.78400,4.78120,4.78140,4.78530,4.78880,4.79380,4.78770,4.77220,4.75450,4.74320,4.75600,4.76660,4.77120,4.77450,4.76300,4.75830,4.77310,4.77660,4.77390,4.78250,4.78540,4.78040,4.76560,4.76010,4.77770,4.77960,4.78000,4.79590,4.80690,4.79880,4.79110,4.79710,4.78690,4.79490,4.78840,4.79340,4.78830,4.78370,4.77550,4.77430,4.77170,4.77100,4.77150,4.76730,4.76140,4.75930,4.75690,4.76760,4.76860,4.77810,4.78770,4.78000,4.76570,4.76000,4.78000,4.81750
4.69860,4.69790,4.74190,4.75710,4.76130,4.76820,4.77380,4.77130,4.76970,4.77870,4.78500,4.78090,4.77920,4.78620,4.78370,4.77630,4.78130,4.79030,4.79490,4.79790,4.81120,4.81350,4.80930,4.81540,4.81310,4.81340,4.81670,4.81970,4.82420,4.81900,4.80600,4.79100,4.78140,4.79240,4.80140,4.80530,4.80820,4.79850,4.79450,4.80680,4.80980,4.80760,4.81500,4.81740,4.81300,4.80030,4.79540,4.81020,4.81200,4.81250,4.82600,4.83530,4.82830,4.82100,4.82600,4.81750,4.82430,4.81880,4.82310,4.81870,4.81490,4.80800,4.80650,4.80420,4.80350,4.80360,4.79980,4.79420,4.79190,4.79000,4.79880,4.79920,4.80710,4.81500,4.80750,4.79450,4.79010,4.80740,4.84120
4.74250,4.74070,4.77700,4.78970,4.79340,4.79990,4.80510,4.80320,4.80210,4.81000,4.81590,4.81270,4.81140,4.81750,4.81560,4.80960,4.81410,4.82180,4.82580,4.82840,4.83960,4.84160,4.83800,4.84320,4.84130,4.84160,4.84440,4.84700,4.85090,4.84650,4.83560,4.82300,4.81490,4.82420,4.83190,4.83520,4.83760,4.82950,4.82610,4.83640,4.83890,4.83710,4.84340,4.84540,4.84150,4.83070,4.82660,4.83900,4.84060,4.84110,4.85250,4.86040,4.85440,4.84770,4.85180,4.84480,4.85050,4.84590,4.84950,4.84580,4.84260,4.83680,4.83530,4.83310,4.83260,4.83250,4.82900,4.82390,4.82170,4.82010,4.82730,4.82730,4.83390,4.84030,4.83330,4.82170,4.81810,4.83300,4.86280
4.78130,4.77890,4.80900,4.81970,4.82290,4.82880,4.83350,4.83210,4.83130,4.83820,4.84350,4.84100,4.83990,4.84530,4.84380,4.83890,4.84270,4.84940,4.85280,4.85500,4.86450,4.86620,4.86310,4.86760,4.86590,4.86620,4.86860,4.87090,4.87410,4.87050,4.86130,4.85070,4.84400,4.85180,4.85830,4.86110,4.86320,4.85630,4.85340,4.86210,4.86420,4.86270,4.86800,4.86960,4.86630,4.85720,4.85370,4.86410,4.86550,4.86590,4.87560,4.88220,4.87710,4.87110,4.87450,4.86880,4.87360,4.86970,4.87270,4.86950,4.86690,4.86200,4.86060,4.85870,4.85820,4.85790,4.85490,4.85040,4.84840,4.84700,4.85290,4.85280,4.85810,4.86340,4.85700,4.84680,4.84380,4.85650,4.88240
4.81540,4.81290,4.83780,4.84680,4.84960,4.85480,4.85890,4.85780,4.85720,4.86320,4.86780,4.86580,4.86500,4.86950,4.86830,4.86430,4.86760,4.87320,4.87620,4.87800,4.88600,4.88740,4.88490,4.88860,4.88730,4.88750,4.88950,4.89140,4.89420,4.89110,4.88350,4.87460,4.86900,4.87550,4.88090,4.88330,4.88510,4.87930,4.87690,4.88420,4.88590,4.88470,4.88910,4.89050,4.88770,4.88010,4.87700,4.88570,4.88690,4.88730,4.89550,4.90100,4.89670,4.89150,4.89430,4.88960,4.89360,4.89030,4.89280,4.89020,4.88800,4.88390,4.88260,4.88090,4.88050,4.88020,4.87760,4.87360,4.87190,4.87080,4.87550,4.87530,4.87980,4.88410,4.87850,4.86970,4.86720,4.87790,4.90000
4.84500,4.84270,4.86330,4.87090,4.87330,4.87770,4.88120,4.88040,4.87990,4.88500,4.88900,4.88730,4.88670,4.89050,4.88960,4.88620,4.88900,4.89380,4.89620,4.89780,4.90450,4.90570,4.90350,4.90660,4.90550,4.90570,4.90740,4.90900,4.91140,4.90880,4.90240,4.89500,4.89030,4.89580,4.90030,4.90230,4.90380,4.89900,4.89700,4.90300,4.90450,4.90340,4.90720,4.90830,4.90600,4.89960,4.89700,4.90430,4.90530,4.90570,4.91240,4.91710,4.91350,4.90900,4.91130,4.90740,4.91080,4.90810,4.91010,4.90790,4.90610,4.90270,4.90150,4.90010,4.89970,4.89950,4.89730,4.89390,4.89240,4.89140,4.89540,4.89520,4.89890,4.90240,4.89760,4.89010,4.88800,4.89700,4.91570
4.87060,4.86860,4.88570,4.89200,4.89400,4.89770,4.90070,4.90000,4.89970,4.90390,4.90720,4.90590,4.90530,4.90850,4.90780,4.90500,4.90740,4.91130,4.91340,4.91470,4.92030,4.92120,4.91940,4.92200,4.92110,4.92130,4.92270,4.92410,4.92600,4.92390,4.91850,4.91240,4.90850,4.91300,4.91680,4.91850,4.91970,4.91570,4.91400,4.91900,4.92030,4.91940,4.92250,4.92350,4.92150,4.91620,4.91400,4.92010,4.92090,4.92130,4.92690,4.93080,4.92770,4.92400,4.92590,4.92270,4.92550,4.92320,4.92490,4.92310,4.92160,4.91870,4.91770,4.91660,4.91620,4.91600,4.91420,4.91130,4.91000,4.90930,4.91250,4.91240,4.91540,4.91840,4.91430,4.90800,4.90630,4.91380,4.92950
